postUrl,description,commentCount,likeCount,location,locationId,pubDate,likedByViewer,isSidecar,type,sidecarMedias,caption,profileUrl,username,fullName,imgUrl,postId,query,timestamp,videoUrl,videoDuration,playCount,viewCount,taggedFullName1,taggedUsername1,taggedFullName2,taggedUsername2,taggedFullName3,taggedUsername3,taggedFullName4,taggedUsername4,taggedFullName5,taggedUsername5,taggedFullName6,taggedUsername6,taggedFullName7,taggedUsername7,taggedFullName8,taggedUsername8,taggedFullName9,taggedUsername9,taggedFullName10,taggedUsername10,taggedFullName11,taggedUsername11,taggedFullName12,taggedUsername12,taggedFullName13,taggedUsername13,taggedFullName14,taggedUsername14,taggedFullName15,taggedUsername15,taggedFullName16,taggedUsername16,taggedFullName17,taggedUsername17,taggedFullName18,taggedUsername18,taggedFullName19,taggedUsername19,taggedFullName20,taggedUsername20,error
https://www.instagram.com/p/C4xFwHVAr_u/,"La casa real sueca comparte esta bella imagen de los reyes, Carlos XVI Gustavo y Silvia, desde #Uxmal, para dar por terminada su visita oficial a nuestro país ???? ¡Qué guapos! ????????????

#VanidadesMx ?? @kungahuset",4,41,,,2024-03-21T06:56:35.000Z,FALSO,FALSO,Photo,"Photo by Visita Uxmal Yucatán on March 20, 2024. May be an image of sarong.",https://www.instagram.com/visit_uxmal,visit_uxmal,Visita Uxmal Yucatán,https://scontent-cdg4-1.cdninstagram.com/v/t51.29350-15/434195781_2711290179026594_8609292519416837733_n.webp?stp=dst-jpg_e35&efg=eyJ2ZW5jb2RlX3RhZyI6ImltYWdlX3VybGdlbi4xMDQweDEyOTkuc2RyLmYyOTM1MCJ9&_nc_ht=scontent-cdg4-1.cdninstagram.com&_nc_cat=102&_nc_ohc=8VD2IrTqwtUQ7kNvgFu4-qG&edm=ACWDqb8BAAAA&ccb=7-5&ig_cache_key=MzMyODQ2Njg5NjIzOTY0MDU1OA%3D%3D.2-ccb7-5&oh=00_AYAZaxqSpJthxHoGX04Wft9AstpExOlLd3D7sAE0XMWrMg&oe=66749E5E&_nc_sid=ee9879,3.33E+18,https://www.instagram.com/visit_uxmal/,2024-06-17T23:06:35.982Z,,,,,,UXMAL,,,,,,,,,,,,,,,,,,,,,,,,,,,,,,,,,,,,,,,,
https://www.instagram.com/p/C2zx-V4Lxj5/,"EXCAVACIONES ARQUEOLÓGICAS UXMAL??
Develando las Maravillas del México Antiguo.
¬¬¬¬¬¬¬¬¬¬¬¬¬¬¬¬¬¬¬¬¬¬
Yucatán, Mx.

Al sur de Yucatán emerge con espectacularidad la zona arqueológica de Uxmal, declarada por la UNESCO Patrimonio de la Humanidad.

Se trata de una de las zonas arqueológicas de la cultura maya cuya arquitectura es de las más majestuosas de Yucatán. Su belleza se caracteriza por tener palacios bajos y horizontales, colocados alrededor de patios o cuadrángulos, los cuales son ricos en decorados de esculturas muy detalladas elaborados con miles de pequeñas piedras perfectamente pulidas y ajustadas formando mosaicos geométricos de una perfección no igualada en toda la zona maya.

Se dice que la ciudad de Uxmal fue fundada por la tribu de los Xiues. La ocupación del sitio se remonta al Preclásico superior a.C., sin embargo el mayor volumen de la obra constructiva se realiza durante el Clásico Tardío (600- 1000 d.C.). Tuvo una población de 20,000 habitantes aproximadamente.

¬¬¬¬¬¬¬¬¬¬¬¬¬¬¬¬¬¬¬¬¬¬¬
""Nuestro pasado prehispánico más vivo que nunca""
¬¬¬¬¬¬¬¬¬¬¬¬¬¬¬¬¬¬¬¬¬¬¬
Sigan  Maravillas del México Antiguo / ADV Estudio",1,64,,,2024-02-01T14:58:42.000Z,FALSO,FALSO,Photo,"Photo by Visita Uxmal Yucatán on February 01, 2024.",https://www.instagram.com/visit_uxmal,visit_uxmal,Visita Uxmal Yucatán,https://scontent-cdg4-3.cdninstagram.com/v/t51.29350-15/424449797_321263124246347_1985214332241433562_n.webp?stp=dst-jpg_e35&efg=eyJ2ZW5jb2RlX3RhZyI6ImltYWdlX3VybGdlbi4xMDgweDEzNTAuc2RyLmYyOTM1MCJ9&_nc_ht=scontent-cdg4-3.cdninstagram.com&_nc_cat=111&_nc_ohc=fYJoc887xZ8Q7kNvgGyOLng&edm=ACWDqb8BAAAA&ccb=7-5&ig_cache_key=MzI5MzE5NTU0MDkxNTc1NTI1Nw%3D%3D.2-ccb7-5&oh=00_AYBb07iM_txxfgbXn-zeyUhKoLMeGpB1F2A1RlCik9be3A&oe=6674B4EB&_nc_sid=ee9879,3.29E+18,https://www.instagram.com/visit_uxmal/,2024-06-17T23:06:35.982Z,,,,,,,,,,,,,,,,,,,,,,,,,,,,,,,,,,,,,,,,,,,,,,
https://www.instagram.com/p/CzzA1gvralo/,Inauguración del parque hundido del palomar ?? Uxmal,4,88,,,2023-11-18T18:17:56.000Z,FALSO,FALSO,Video,,https://www.instagram.com/visit_uxmal,visit_uxmal,Visita Uxmal Yucatán,https://scontent-cdg4-2.cdninstagram.com/v/t51.29350-15/403867502_2127174360971875_6942829983242794738_n.jpg?stp=dst-jpg_e15&efg=eyJ2ZW5jb2RlX3RhZyI6ImltYWdlX3VybGdlbi40MDh4NzI2LnNkci5mMjkzNTAifQ&_nc_ht=scontent-cdg4-2.cdninstagram.com&_nc_cat=107&_nc_ohc=zEXtz8e-8zkQ7kNvgF8eC4l&edm=ACWDqb8BAAAA&ccb=7-5&ig_cache_key=MzIzODkzNjIzNDMwMTQzNDIxNg%3D%3D.2-ccb7-5&oh=00_AYDzCOzuaIZtoZX1S2CEavNnx_so025aCvCrupSSCoBE9A&oe=6674AC26&_nc_sid=ee9879,3.24E+18,https://www.instagram.com/visit_uxmal/,2024-06-17T23:06:35.982Z,https://scontent-cdg4-3.cdninstagram.com/o1/v/t16/f1/m82/2E46AACA9973DFC1B78BA90F22B8D781_video_dashinit.mp4?efg=eyJxZV9ncm91cHMiOiJbXCJpZ193ZWJfZGVsaXZlcnlfdnRzX290ZlwiXSIsInZlbmNvZGVfdGFnIjoidnRzX3ZvZF91cmxnZW4uY2xpcHMuYzIuNzIwLmJhc2VsaW5lIn0&_nc_ht=scontent-cdg4-3.cdninstagram.com&_nc_cat=111&vs=1337638203554711_294690065&_nc_vs=HBksFQIYT2lnX3hwdl9yZWVsc19wZXJtYW5lbnRfcHJvZC8yRTQ2QUFDQTk5NzNERkMxQjc4QkE5MEYyMkI4RDc4MV92aWRlb19kYXNoaW5pdC5tcDQVAALIAQAVAhg6cGFzc3Rocm91Z2hfZXZlcnN0b3JlL0dDX1UtUmNuT011WURPa0VBQTU5VTNnSlBQNVhicV9FQUFBRhUCAsgBACgAGAAbABUAACbYl92G9rzxPxUCKAJDMywXQEXZmZmZmZoYEmRhc2hfYmFzZWxpbmVfMV92MREAdf4HAA%3D%3D&ccb=9-4&oh=00_AYDmEzQihquTReYdYmf2M0zd6hKPkol_VWthAXbyiY0Y1g&oe=667486DC&_nc_sid=ee9879,43.793,1673,,,,,,,,,,,,,,,,,,,,,,,,,,,,,,,,,,,,,,,,,,,
https://www.instagram.com/p/CskqmyGAAfZ/,,0,23,,,2023-05-23T04:51:46.000Z,FALSO,VERDADERO,Carousel,,https://www.instagram.com/visit_uxmal,visit_uxmal,Visita Uxmal Yucatán,https://scontent-cdg4-3.cdninstagram.com/v/t51.29350-15/348740329_943205940290310_3140809464507405356_n.webp?stp=dst-jpg_e35&_nc_ht=scontent-cdg4-3.cdninstagram.com&_nc_cat=106&_nc_ohc=PtrLaY5jhZAQ7kNvgEcAbfo&edm=ACWDqb8BAAAA&ccb=7-5&ig_cache_key=MzEwODc5NzAxOTgxNzMyNjUyNA%3D%3D.2-ccb7-5&oh=00_AYBBZq0HZ2blqVMzUYp7_6BwM6aWHrCbOGiEnYMhoc_YFQ&oe=6676990D&_nc_sid=ee9879,3.11E+18,https://www.instagram.com/visit_uxmal/,2024-06-17T23:06:35.982Z,,,,10,,,,,,,,,,,,,,,,,,,,,,,,,,,,,,,,,,,,,,,,,,
https://www.instagram.com/p/CskpRCbsQWS/,"El imperio de Uxmal, Yucatán ??

Foto:@robertoestrada",0,39,,,2023-05-23T04:40:04.000Z,FALSO,FALSO,Photo,"Photo by Visita Uxmal Yucatán on May 22, 2023.",https://www.instagram.com/visit_uxmal,visit_uxmal,Visita Uxmal Yucatán,https://scontent-cdg4-1.cdninstagram.com/v/t51.29350-15/347951335_6148095125279590_2985098018096683061_n.webp?stp=dst-jpg_e35&efg=eyJ2ZW5jb2RlX3RhZyI6ImltYWdlX3VybGdlbi4xMDgweDEwODAuc2RyLmYyOTM1MCJ9&_nc_ht=scontent-cdg4-1.cdninstagram.com&_nc_cat=110&_nc_ohc=2Zl8C0Nmza0Q7kNvgHx_0kz&edm=ACWDqb8BAAAA&ccb=7-5&ig_cache_key=MzEwODc5MTEzMzU0MjYxNDQxOA%3D%3D.2-ccb7-5&oh=00_AYBbDyrQskmswmziVus9NzhG55JbEmCihf8SiO4Mkx9fMg&oe=667495D5&_nc_sid=ee9879,3.11E+18,https://www.instagram.com/visit_uxmal/,2024-06-17T23:06:35.982Z,,,,,,,,,,,,,,,,,,,,,,,,,,,,,,,,,,,,,,,,,,,,,,
https://www.instagram.com/p/CsjvxUTpcPR/,"Uxmal Mérida, Yucatán. Uxmal alcanzó su apogeo entre los siglos VII y X. Más tarde, a principios del II milenio, fue abandonada. La cd. está orientada según ciertos fenómenos astronómicos (como el movimiento de Venus) y adaptada a un terreno ondulado. El estilo constructivo de la ruta constituye toda una escuela arquitectónica dentro del arte maya y para muchos es el más sofisticado. La decoración es aquí especialmente rica y nos habla tanto de la importancia de estos poblados, como de la elaborada cosmogonía maya.",0,44,,,2023-05-22T20:17:39.000Z,FALSO,FALSO,Photo,"Photo by Visita Uxmal Yucatán on May 22, 2023.",https://www.instagram.com/visit_uxmal,visit_uxmal,Visita Uxmal Yucatán,https://scontent-cdg4-3.cdninstagram.com/v/t51.29350-15/348259638_6181432281936882_7129229889504405751_n.webp?stp=dst-jpg_e35&efg=eyJ2ZW5jb2RlX3RhZyI6ImltYWdlX3VybGdlbi43MzZ4OTIwLnNkci5mMjkzNTAifQ&_nc_ht=scontent-cdg4-3.cdninstagram.com&_nc_cat=106&_nc_ohc=3ezZcMDRj1cQ7kNvgEsJfPx&edm=ACWDqb8BAAAA&ccb=7-5&ig_cache_key=MzEwODUzODI2NTA2MDYyMzMxMw%3D%3D.2-ccb7-5&oh=00_AYB930VY0mE_zPlqX9WwWe5vJRTdUzVke94M7A7GjZnSSQ&oe=667497FE&_nc_sid=ee9879,3.11E+18,https://www.instagram.com/visit_uxmal/,2024-06-17T23:06:35.982Z,,,,,,,,,,,,,,,,,,,,,,,,,,,,,,,,,,,,,,,,,,,,,,
https://www.instagram.com/p/Cr-BG-6sUcO/,Uxmal 1929 fotografía del archivo personal de Miguel Quintal de #Muna ??,0,22,,,2023-05-08T04:38:01.000Z,FALSO,FALSO,Photo,"Photo by Visita Uxmal Yucatán on May 07, 2023.",https://www.instagram.com/visit_uxmal,visit_uxmal,Visita Uxmal Yucatán,https://scontent-cdg4-2.cdninstagram.com/v/t51.29350-15/345569058_1086982802270304_6707221919100559875_n.webp?stp=dst-jpg_e35&efg=eyJ2ZW5jb2RlX3RhZyI6ImltYWdlX3VybGdlbi4xMDAweDc4Ni5zZHIuZjI5MzUwIn0&_nc_ht=scontent-cdg4-2.cdninstagram.com&_nc_cat=100&_nc_ohc=PIfi7q5KdQIQ7kNvgEfazRC&edm=ACWDqb8BAAAA&ccb=7-5&ig_cache_key=MzA5NzkxODQ3MTU5NzU0MTEzNA%3D%3D.2-ccb7-5&oh=00_AYAo8NF1vRH2XRhJpsEjt4Db_k6a0pmTpoMTiBUc6VWNPA&oe=6674B4F3&_nc_sid=ee9879,3.10E+18,https://www.instagram.com/visit_uxmal/,2024-06-17T23:06:35.982Z,,,,,,,,,,,,,,,,,,,,,,,,,,,,,,,,,,,,,,,,,,,,,,
https://www.instagram.com/p/CpwERVeLZOd/,"El Poderoso Adivino, Uxmal. ?
2023
instagram.com/oswaldomatu

@oswaldomatu",1,15,,,2023-03-14T01:33:30.000Z,FALSO,FALSO,Photo,"Photo by Visita Uxmal Yucatán on March 13, 2023.",https://www.instagram.com/visit_uxmal,visit_uxmal,Visita Uxmal Yucatán,https://scontent-cdg4-2.cdninstagram.com/v/t51.29350-15/335651641_240141925103989_1962497548567724524_n.webp?stp=dst-jpg_e35&efg=eyJ2ZW5jb2RlX3RhZyI6ImltYWdlX3VybGdlbi4xMDgweDc2NC5zZHIuZjI5MzUwIn0&_nc_ht=scontent-cdg4-2.cdninstagram.com&_nc_cat=101&_nc_ohc=6zCim3L2fdYQ7kNvgGfTgmk&edm=ACWDqb8BAAAA&ccb=7-5&ig_cache_key=MzA1Nzk2MjkzMDQ1NjU5NzQwNQ%3D%3D.2-ccb7-5&oh=00_AYBG1BGg-THCjr7143r1U727tm8wDr6PIzzrocbfPC07Rw&oe=667488CF&_nc_sid=ee9879,3.06E+18,https://www.instagram.com/visit_uxmal/,2024-06-17T23:06:35.982Z,,,,,,,,,,,,,,,,,,,,,,,,,,,,,,,,,,,,,,,,,,,,,,
https://www.instagram.com/p/CpBz2ZHNE-S/,Muna Yucatán,0,26,"Muna Centro, Muna",6.33E+14,2023-02-24T02:24:56.000Z,FALSO,VERDADERO,Carousel,,https://www.instagram.com/visit_uxmal,visit_uxmal,Visita Uxmal Yucatán,https://scontent-cdg4-1.cdninstagram.com/v/t51.29350-15/333004443_612159954078086_2228602924666483334_n.webp?stp=dst-jpg_e35&_nc_ht=scontent-cdg4-1.cdninstagram.com&_nc_cat=102&_nc_ohc=s2GL4XeWmCUQ7kNvgHT91gK&edm=ACWDqb8BAAAA&ccb=7-5&ig_cache_key=MzA0NDk0Mjg1NjU2OTg0MTk0OQ%3D%3D.2-ccb7-5&oh=00_AYB4_A2Kwmqa4BwEKIzH3GQRPivPUg1dBC9XhX2K6rdpiw&oe=6676AC36&_nc_sid=ee9879,3.04E+18,https://www.instagram.com/visit_uxmal/,2024-06-17T23:06:35.982Z,,,,3,,,,,,,,,,,,,,,,,,,,,,,,,,,,,,,,,,,,,,,,,,
https://www.instagram.com/p/CpAwBSHLJAA/,"Circa 1900. Un lugareño observa con detenimiento la grandeza del Cuadrángulo de las Monjas de Uxmal, cuando literalmente se encontraba en ruinas. La vista es de Oriente a Poniente, desde una de las puertas colapsadas, cuyas vigas de madera que le daban soporte, sucumbieron con el tiempo o fueron robadas.
* * Fotografía reciente del lugar en los comentarios.

Fotografía original en blanco y negro editada, restaurada y coloreada digitalmente por @yucatanpasadoglorioso",0,17,,,2023-02-23T16:32:14.000Z,FALSO,FALSO,Photo,"Photo by Visita Uxmal Yucatán on February 23, 2023.",https://www.instagram.com/visit_uxmal,visit_uxmal,Visita Uxmal Yucatán,https://scontent-cdg4-2.cdninstagram.com/v/t51.29350-15/332823600_1586920521786511_8683413692420044463_n.webp?stp=dst-jpg_e35&efg=eyJ2ZW5jb2RlX3RhZyI6ImltYWdlX3VybGdlbi43MjB4OTAwLnNkci5mMjkzNTAifQ&_nc_ht=scontent-cdg4-2.cdninstagram.com&_nc_cat=107&_nc_ohc=HOB92wLCYI0Q7kNvgHDKDJ4&edm=ACWDqb8BAAAA&ccb=7-5&ig_cache_key=MzA0NDY0NDU0MjUwMjE3ODgxNg%3D%3D.2-ccb7-5&oh=00_AYDw_fwGrRJx57AkgxcWLTCHstZpI0FY1vQ4D9bkA-t85A&oe=6674B437&_nc_sid=ee9879,3.04E+18,https://www.instagram.com/visit_uxmal/,2024-06-17T23:06:35.982Z,,,,,,,,,,,,,,,,,,,,,,,,,,,,,,,,,,,,,,,,,,,,,,
https://www.instagram.com/p/ClZTLv6JcQO/,"THE UXMAL ADVENTURE ??
.
.
.
#travel #photography #photooftheday #artist #cool #friends #yucatan #igers #art #travelphotography #",2,3,"Uxmal, Yucatan, Mexico",250064247,2022-11-25T19:15:42.000Z,FALSO,VERDADERO,Carousel,,https://www.instagram.com/hernancarophotos,hernancarophotos,?? ?? ?? ?? ?? ??    ?? ?? ?? ??,https://scontent-cdg4-3.cdninstagram.com/v/t51.29350-15/316861330_694370425288060_1084516569540062805_n.jpg?stp=dst-jpg_e35&_nc_ht=scontent-cdg4-3.cdninstagram.com&_nc_cat=104&_nc_ohc=IHWT7fY3Me0Q7kNvgHwLG_S&edm=ACWDqb8BAAAA&ccb=7-5&ig_cache_key=Mjk3OTQ5Njk5NDE4MzUwNzc5OQ%3D%3D.2-ccb7-5&oh=00_AYAINMmxInu-g_JQMLyIKHOn1LzkwBsd2NBB-hMe9EAg5Q&oe=6676AFE8&_nc_sid=ee9879,2.98E+18,https://www.instagram.com/visit_uxmal/,2024-06-17T23:06:35.982Z,,,,4,Zuemy Canche,zuemycanche,Paloma Sánchez,paloma.sa,Visit Yucata?n,yucatanturismo,,H E R N Á N ~ C A R O ??,soyhernancaro,V I V E   M E? X I C O,vive_mexico,Jessi Montero,jess_m_n,Explore Yucata?n,exploreyucatan,Carlos Llanes,carlosllanes_,TOP Yucatán - The Best of Yucatan (Magazine),topyucatan,Vive Yucatán,vive.yuc,Vi?veme Yucatán Consultores,viveme.mx,Visita Uxmal Yucatán,visit_uxmal,,,,,,,,,,,,,,,,,
https://www.instagram.com/p/CkwFY5dvJyf/,"México sorprendente, échenle un vistazo a la maravillosa #zonaarqueologicauxmal un lugar lleno de misticismo e historia. Lo encuentras a una hora de #meridayucatan. Si vas a este increíble lugar te recomiendo zapato cómodo, bloqueador,sombrero o gorra y mucha actitud para caminar por este bello lugar. 
?? @paco_jsj 
?? @visit_uxmal",9,1441,Zona Arquelogica De Uxmal,2.51E+14,2022-11-09T19:06:18.000Z,FALSO,VERDADERO,Carousel,,https://www.instagram.com/roxsuarez_,roxsuarez_,Rox Suarez,https://scontent-cdg4-1.cdninstagram.com/v/t51.29350-15/314876975_3006087069697388_3500435577502250675_n.jpg?stp=dst-jpg_e35&_nc_ht=scontent-cdg4-1.cdninstagram.com&_nc_cat=108&_nc_ohc=SYwxaHcK_soQ7kNvgFoRTyB&edm=ACWDqb8BAAAA&ccb=7-5&ig_cache_key=Mjk2Nzg5NTg1MTUyMDY1NzcwMg%3D%3D.2-ccb7-5&oh=00_AYBQ2Qha5zJ_T4mwz-kNLsgMvgwAFzHXJkuvMuEJzVVnHw&oe=66768543&_nc_sid=ee9879,2.97E+18,https://www.instagram.com/visit_uxmal/,2024-06-17T23:06:35.982Z,,,,5,Me?xico desconocido,mexicodesconocido,Visit Yucata?n,yucatanturismo,Visita Yucatan,visitayucatan,,Mexico Desconocido,mexico_sorprendente_mex,Descubre Yucatan,descubre_yucatan,Mexico sorprendente ???????????????????,mexicosorprendente,Las maravillas de Yucatán,visit_yucatan,YUCATAN,visita_yucatan_,Visit Yucatan,visita_yucatan,???? Photobook_mx,photobook_mx2,Visita Uxmal Yucatán,visit_uxmal,"Fotografia,reels,viajeros.",mxfotografosmx,dinamicas mxfotografosmx,mxfotomxrondas,,,,,,,,,,,,,,,
https://www.instagram.com/p/CjB96VCrvvz/,"Visita Muna y descubre los detalles que estas letras turísticas tienen para tí.  Ubicado a 16 km de Uxmal, sobre la carretera Mérida - Uxmal

¡Letras pintadas a mano ? - por artistas locales!",0,19,"Muna Centro, Muna",6.33E+14,2022-09-28T00:44:30.000Z,FALSO,VERDADERO,Carousel,,https://www.instagram.com/visit_uxmal,visit_uxmal,Visita Uxmal Yucatán,https://scontent-cdg4-3.cdninstagram.com/v/t51.29350-15/309031100_1301327637303954_3288915201522870850_n.webp?stp=dst-jpg_e35&_nc_ht=scontent-cdg4-3.cdninstagram.com&_nc_cat=106&_nc_ohc=y-KXsq7e69kQ7kNvgGW_Uw_&edm=ACWDqb8BAAAA&ccb=7-5&ig_cache_key=MjkzNjkwMDcxNjY1Mjc5MTUzMw%3D%3D.2-ccb7-5&oh=00_AYALVKiZ4JpEL7AeWmn5lztn_2klAHiBpUZzSnxjfXjGBA&oe=66767F8C&_nc_sid=ee9879,2.94E+18,https://www.instagram.com/visit_uxmal/,2024-06-17T23:06:36.551Z,,,,2,,muna_rte,,,,,,,,,,,,,,,,,,,,,,,,,,,,,,,,,,,,,,,,
https://www.instagram.com/p/ChR_wsLOzOE/,Inhala & exhala ???????y comienza tu semana!!! Hoy una postal de la increíble zona arqueológica de #uxmal,0,1544,"Uxmal, Yucatan, Mexico",250064247,2022-08-15T13:05:43.000Z,FALSO,FALSO,Photo,"Photo by Rox Suarez in Uxmal, Yucatan, Mexico with @yucatanturismo, @visita_yucatan_, @visita_yucatan, @visit_uxmal, @mxfotomxrondas, and @visita___yucatan.",https://www.instagram.com/roxsuarez_,roxsuarez_,Rox Suarez,https://scontent-cdg4-3.cdninstagram.com/v/t51.29350-15/299599866_5443251949045859_1348156500664616384_n.jpg?stp=dst-jpg_e35&efg=eyJ2ZW5jb2RlX3RhZyI6ImltYWdlX3VybGdlbi4xNDQweDExNDIuc2RyLmYyOTM1MCJ9&_nc_ht=scontent-cdg4-3.cdninstagram.com&_nc_cat=111&_nc_ohc=YMSEDC9CbekQ7kNvgEfuqZ6&edm=ACWDqb8BAAAA&ccb=7-5&ig_cache_key=MjkwNTM4MzY1NzUyODgzMjkwMA%3D%3D.2-ccb7-5&oh=00_AYADufkFUg8pWzWsVUjcpE9RW0aYBLNObw1ZeyqnliRwjw&oe=6674AB28&_nc_sid=ee9879,2.91E+18,https://www.instagram.com/visit_uxmal/,2024-06-17T23:06:36.551Z,,,,,Visit Yucata?n,yucatanturismo,YUCATAN,visita_yucatan_,Visit Yucatan,visita_yucatan,,Visita Uxmal Yucatán,visit_uxmal,dinamicas mxfotografosmx,mxfotomxrondas,México en la Agenda Global,visita___yucatan,,,,,,,,,,,,,,,,,,,,,,,,,,,,,
https://www.instagram.com/p/Cg8l_lQMJ59/,Algunas notas de prensa de la visita de Jacqueline Kennedy a Uxmal en marzo de 1968.,0,18,,,2022-08-07T05:36:30.000Z,FALSO,VERDADERO,Carousel,,https://www.instagram.com/visit_uxmal,visit_uxmal,Visita Uxmal Yucatán,https://scontent-cdg4-1.cdninstagram.com/v/t51.29350-15/297606854_1410097622818574_1788214001985873290_n.webp?stp=dst-jpg_e35&_nc_ht=scontent-cdg4-1.cdninstagram.com&_nc_cat=102&_nc_ohc=0I9obQdy-qgQ7kNvgF6MUb6&edm=ACWDqb8BAAAA&ccb=7-5&ig_cache_key=Mjg5OTM1OTM1MjA1MDkyOTgwNg%3D%3D.2-ccb7-5&oh=00_AYDYyCgZhuifB8RMcRcC-xBeO9H2p-eX8qf-rtJA1tgrKw&oe=66768667&_nc_sid=ee9879,2.90E+18,https://www.instagram.com/visit_uxmal/,2024-06-17T23:06:36.551Z,,,,10,,,,,,,,,,,,,,,,,,,,,,,,,,,,,,,,,,,,,,,,,,
https://www.instagram.com/p/CgxgfbGr7DZ/,"Uxmal. Zona Puuc. Yucatán, México.

La Pirámide del Adivino, también llamada del hechicero, del enano o del gran Chilán. Construcción maya de 35 metros de altura, con una base de 53,5 metros en el lado mayor.

La leyenda

Según relató el investigador estadounidense John Lloyd Stephens en sus Incidentes de viaje a principios del año 1840, cuenta la leyenda que este edificio fue construido en una sola noche por un enano, nacido de un huevo encontrado por una bruja cerca de Uxmal. El niño nació con la capacidad de adivinar el futuro, por lo que fue llamado el adivino.

Un día, el enano descubrió un tunkul (instrumento de percusión de madera) y se puso a tocarlo. De acuerdo con las profecías, era sabido que cuando alguien tocase ese instrumento y su sonido repercutiera en toda la región, obtendría el trono de la ciudad, de modo que cuando fue escuchado por el rey de Uxmal, éste identificó el sonido como el anuncio del fin de su reinado.

Dispuesto a enfrentarse a su destino, el rey llamó al enano para someterlo a varias pruebas difíciles que el joven aprobó con éxito. Finalmente, sobrevivió a la más difícil: romper sobre su cabeza, con un mazo de piedra, una cesta de cocoyoles (una especie de frutos muy duros). El soberano se sometió en castigo a la misma prueba, y murió en el acto después del primer golpe. Así comenzó en Uxmal el reinado del enano adivino.",0,25,,,2022-08-02T22:16:47.000Z,FALSO,FALSO,Photo,"Photo by Visita Uxmal Yucatán on August 02, 2022.",https://www.instagram.com/visit_uxmal,visit_uxmal,Visita Uxmal Yucatán,https://scontent-cdg4-3.cdninstagram.com/v/t51.29350-15/297306041_1187701698453563_8884423620510828022_n.webp?stp=dst-jpg_e35&efg=eyJ2ZW5jb2RlX3RhZyI6ImltYWdlX3VybGdlbi4xMDA0eDc5OS5zZHIuZjI5MzUwIn0&_nc_ht=scontent-cdg4-3.cdninstagram.com&_nc_cat=111&_nc_ohc=i9tUiQ5SJGsQ7kNvgH5iLOY&edm=ACWDqb8BAAAA&ccb=7-5&ig_cache_key=Mjg5NjIzODkzMjI3MTI4MDM0NQ%3D%3D.2-ccb7-5&oh=00_AYD_mUyrxDk36Rmu9oC1_qYgdmSGWV3LW3UT_xrnX13vNQ&oe=66747F41&_nc_sid=ee9879,2.90E+18,https://www.instagram.com/visit_uxmal/,2024-06-17T23:06:36.551Z,,,,,,,,,,,,,,,,,,,,,,,,,,,,,,,,,,,,,,,,,,,,,,
https://www.instagram.com/p/CglNKY3p_RA/,"Corredor Artesanal Muna 2022 

¡Del 5 al 15 de agosto! 

Visítanos",0,14,"Muna Centro, Muna",6.33E+14,2022-07-29T03:40:42.000Z,FALSO,FALSO,Video,,https://www.instagram.com/visit_uxmal,visit_uxmal,Visita Uxmal Yucatán,https://scontent-cdg4-2.cdninstagram.com/v/t51.2885-15/296241056_795724481870268_7064377631229240971_n.jpg?stp=dst-jpg_e15&efg=eyJ2ZW5jb2RlX3RhZyI6ImltYWdlX3VybGdlbi41NDB4MzA0LnNkci5mMzYzMjkifQ&_nc_ht=scontent-cdg4-2.cdninstagram.com&_nc_cat=100&_nc_ohc=dPNqbK7oiAYQ7kNvgFMc_Lw&edm=ACWDqb8BAAAA&ccb=7-5&ig_cache_key=Mjg5Mjc3NjIyNDE1ODM4MTEyMA%3D%3D.2-ccb7-5&oh=00_AYCz5OljE5g_NIEYbGv0EKyo0xAwh3X_0ryLY3JPkDFKEA&oe=66749F4C&_nc_sid=ee9879,2.89E+18,https://www.instagram.com/visit_uxmal/,2024-06-17T23:06:36.551Z,https://scontent-cdg4-2.cdninstagram.com/o1/v/t16/f2/m69/An-FnBq2SdkwHJtsNLouygFRh5dYUZaYFYxM1nHmaqYO3Yt5_ezxjP6RYcifhkq7vO4Q8dvtYoZwQI3TTz3qv3-w.mp4?efg=eyJxZV9ncm91cHMiOiJbXCJpZ193ZWJfZGVsaXZlcnlfdnRzX290ZlwiXSIsInZlbmNvZGVfdGFnIjoidnRzX3ZvZF91cmxnZW4uY2xpcHMuYzIuNzIwLmJhc2VsaW5lIn0&_nc_ht=scontent-cdg4-2.cdninstagram.com&_nc_cat=103&vs=763314748201626_2515964158&_nc_vs=HBksFQIYOnBhc3N0aHJvdWdoX2V2ZXJzdG9yZS9HTnI0cHhHYmJKVGNFVmdFQUtBUjhPY1dlUzU3YnFfRUFBQUYVAALIAQAVAhg6cGFzc3Rocm91Z2hfZXZlcnN0b3JlL0dIVkdveEVzZ052ZFB2b0NBT1NqMlNBWE1Jc2VicV9FQUFBRhUCAsgBACgAGAAbABUAACa4uoWFma3lQBUCKAJDMywXQEo3bItDlYEYEmRhc2hfYmFzZWxpbmVfMV92MREAdf4HAA%3D%3D&ccb=9-4&oh=00_AYDIJKoQn1yOQbNHFA7cvlf9GVV9wsEULN9IUCMtaMir2Q&oe=6674A00D&_nc_sid=ee9879,52.57,792,,,,,,,,,,,,,,,,,,,,,,,,,,,,,,,,,,,,,,,,,,,
https://www.instagram.com/p/Cew3_dXL6Pn/,"Año 1930. Uxmal, Yucatán. El staff de la Universidad de Tulane en la fachada oriente del Cuadrángulo de las Monjas, junto a todo el equipo que utilizaron para montar un campamento y para los trabajos de investigación realizados. Éstos trabajos estuvieron a cargo de Frans Blom y fueron supervisados por el arqueólogo yucateco el Arq. José Erosa Peniche.

Fotografía editada y restaurada para una mejor presentación por @yucatanpasadoglorioso",0,12,,,2022-06-13T23:20:06.000Z,FALSO,FALSO,Photo,"Photo by Visita Uxmal Yucatán on June 13, 2022.",https://www.instagram.com/visit_uxmal,visit_uxmal,Visita Uxmal Yucatán,https://scontent-cdg4-2.cdninstagram.com/v/t51.29350-15/288326133_731492021386585_1814554041945163993_n.webp?stp=dst-jpg_e35&efg=eyJ2ZW5jb2RlX3RhZyI6ImltYWdlX3VybGdlbi4xMDgweDg0My5zZHIuZjI5MzUwIn0&_nc_ht=scontent-cdg4-2.cdninstagram.com&_nc_cat=101&_nc_ohc=CH25QmOuvJcQ7kNvgGs-XZz&edm=ACWDqb8BAAAA&ccb=7-5&ig_cache_key=Mjg2MDAzMjAxNjc5MjkyMTA2Mw%3D%3D.2-ccb7-5&oh=00_AYBrjzuvUxia-pd2j7mMIfNnMOjCrZxFWluXQLaUB4kLBg&oe=66748E9B&_nc_sid=ee9879,2.86E+18,https://www.instagram.com/visit_uxmal/,2024-06-17T23:06:36.551Z,,,,,,,,,,,,,,,,,,,,,,,,,,,,,,,,,,,,,,,,,,,,,,
https://www.instagram.com/p/CeuxobVsIAD/,"Año 1930. Uxmal, Yucatán. Personal de la Universidad de Tulane empujando una carreta para poder ingresar su equipo al Cuadrángulo de las Monjas, lugar donde montaron un campamento para estudiar la zona arqueológica.

Fotografía editada y restaurada para una mejor presentación por @yucatanpasadoglorioso",0,13,,,2022-06-13T03:46:03.000Z,FALSO,FALSO,Photo,"Photo by Visita Uxmal Yucatán on June 12, 2022.",https://www.instagram.com/visit_uxmal,visit_uxmal,Visita Uxmal Yucatán,https://scontent-cdg4-3.cdninstagram.com/v/t51.29350-15/287492464_189211356782214_1486438317085724995_n.webp?stp=dst-jpg_e35&efg=eyJ2ZW5jb2RlX3RhZyI6ImltYWdlX3VybGdlbi4xMDgweDkyNS5zZHIuZjI5MzUwIn0&_nc_ht=scontent-cdg4-3.cdninstagram.com&_nc_cat=106&_nc_ohc=47HY09PUQ4UQ7kNvgFNtjpj&edm=ACWDqb8BAAAA&ccb=7-5&ig_cache_key=Mjg1OTQ0MTA5NTgzOTg3NTA3NQ%3D%3D.2-ccb7-5&oh=00_AYCxWjJpsj_8qOpr2G_a_aY3IFcitiqO0JosY8lUni8HWA&oe=667486B5&_nc_sid=ee9879,2.86E+18,https://www.instagram.com/visit_uxmal/,2024-06-17T23:06:36.551Z,,,,,,,,,,,,,,,,,,,,,,,,,,,,,,,,,,,,,,,,,,,,,,
https://www.instagram.com/p/CeubWQAL_EP/,"Año 1930. Miembros del equipo de la Universidad de Tulane de Luisiana, posan en la zona arqueológica de Uxmal, donde montaron un campamento para realizar trabajos de investigación. Éste produjo dibujos, fotografías y moldes para la Exposición Century of Progreso de 1933 de Chicago. Se puede distinguir la bandera de su Universidad colocada en una de las estructuras. Los acompañan el guía Pablo Pantoja, segundo de izquierda a derecha.

Fotografía editada y restaurada para una mejor presentación por @yucatanpasadoglorioso",0,16,,,2022-06-13T00:31:20.000Z,FALSO,FALSO,Photo,"Photo by Visita Uxmal Yucatán on June 12, 2022.",https://www.instagram.com/visit_uxmal,visit_uxmal,Visita Uxmal Yucatán,https://scontent-cdg4-2.cdninstagram.com/v/t51.29350-15/287165780_1138149926766111_87404807950318892_n.webp?stp=dst-jpg_e35&efg=eyJ2ZW5jb2RlX3RhZyI6ImltYWdlX3VybGdlbi4xMDc2eDg0MS5zZHIuZjI5MzUwIn0&_nc_ht=scontent-cdg4-2.cdninstagram.com&_nc_cat=103&_nc_ohc=ZwlwINGDm8gQ7kNvgGD-rO-&edm=ACWDqb8BAAAA&ccb=7-5&ig_cache_key=Mjg1OTM0MzA4OTY5NDE0MjczNQ%3D%3D.2-ccb7-5&oh=00_AYCtMuRGDwVhnFk_--NHfD-s9QLSDqi6wC_zs1k996qmtQ&oe=66749D49&_nc_sid=ee9879,2.86E+18,https://www.instagram.com/visit_uxmal/,2024-06-17T23:06:36.551Z,,,,,,,,,,,,,,,,,,,,,,,,,,,,,,,,,,,,,,,,,,,,,,
https://www.instagram.com/p/CerTCKrpEC-/,"Año 1893. Uno de los dos espléndidos pasajes abovedados (arcos triangulares) del Palacio del Gobernador en Uxmal, éstos unían las tres estructuras principales, en fechas posteriores a su construcción fueron bloqueados y construidas pequeñas habitaciones con pórticos de columnas en cada lado. Con el paso del tiempo sus paredes exteriores fueron colapsando quedando sus frentes descubiertos. Cuando fue visitado y dibujado por Frederick Catherwood en 1841, este pasaje en particular se encontraba casi cerrado.

Fotografía antigua tomada por el explorador Teobert Maler en 1893.

Trabajo de edición realizado por @yucatanpasadoglorioso",0,15,,,2022-06-11T19:20:57.000Z,FALSO,FALSO,Photo,"Photo by Visita Uxmal Yucatán on June 11, 2022.",https://www.instagram.com/visit_uxmal,visit_uxmal,Visita Uxmal Yucatán,https://scontent-cdg4-3.cdninstagram.com/v/t51.29350-15/286991023_1500483573708935_2563156295710462231_n.webp?stp=dst-jpg_e35&efg=eyJ2ZW5jb2RlX3RhZyI6ImltYWdlX3VybGdlbi4xMDgweDgzMC5zZHIuZjI5MzUwIn0&_nc_ht=scontent-cdg4-3.cdninstagram.com&_nc_cat=111&_nc_ohc=Sqp1gGGEgfgQ7kNvgER1flG&edm=ACWDqb8BAAAA&ccb=7-5&ig_cache_key=Mjg1ODQ2MjEwMDI4ODk3OTEzNA%3D%3D.2-ccb7-5&oh=00_AYC_MOIy_b6A0T1QlwJPKC3Yqb7Sez9r7cD72SMXxmS7ow&oe=6674AD96&_nc_sid=ee9879,2.86E+18,https://www.instagram.com/visit_uxmal/,2024-06-17T23:06:36.551Z,,,,,,,,,,,,,,,,,,,,,,,,,,,,,,,,,,,,,,,,,,,,,,
https://www.instagram.com/p/Cd_2o4lL5Zt/,"Rally maya 2022 - BIENVENIDOS  a la Z. A de Uxmal, una poesía hecha piedra. 

@rallymayamexico
@yucatanturismo
@planetariomaya 
@mayalandresorts 
@mayalandadventures",0,13,,,2022-05-25T22:25:30.000Z,FALSO,VERDADERO,Carousel,,https://www.instagram.com/visit_uxmal,visit_uxmal,Visita Uxmal Yucatán,https://scontent-cdg4-3.cdninstagram.com/v/t51.29350-15/283688772_147188397884351_7062428639307036870_n.webp?stp=dst-jpg_e35&_nc_ht=scontent-cdg4-3.cdninstagram.com&_nc_cat=111&_nc_ohc=T3_T8NTBOwIQ7kNvgGzJ6wB&edm=ACWDqb8BAAAA&ccb=7-5&ig_cache_key=Mjg0NjIzMzc4NjI0MjI3MjkwNA%3D%3D.2-ccb7-5&oh=00_AYCjexVNJjQ3l1G0o7KRzrFEPHs0IEcNPedLaa1lGwVkEQ&oe=6676A872&_nc_sid=ee9879,2.85E+18,https://www.instagram.com/visit_uxmal/,2024-06-17T23:06:36.551Z,,,,6,,,,,,,,,,,,,,,,,,,,,,,,,,,,,,,,,,,,,,,,,,
https://www.instagram.com/p/CdjnoIdLGTI/,Uxmal by @diafragmas,0,28,,,2022-05-14T23:15:35.000Z,FALSO,FALSO,Photo,"Photo by Visita Uxmal Yucatán on May 14, 2022.",https://www.instagram.com/visit_uxmal,visit_uxmal,Visita Uxmal Yucatán,https://scontent-cdg4-2.cdninstagram.com/v/t51.29350-15/281134639_114308154448851_435578746646152656_n.webp?stp=dst-jpg_e35&efg=eyJ2ZW5jb2RlX3RhZyI6ImltYWdlX3VybGdlbi4xMDgweDYwNi5zZHIuZjI5MzUwIn0&_nc_ht=scontent-cdg4-2.cdninstagram.com&_nc_cat=103&_nc_ohc=Q9bMD6fE-6wQ7kNvgEZUsut&edm=ACWDqb8BAAAA&ccb=7-5&ig_cache_key=MjgzODI4NjQ3MTg0NTkzMDE4NA%3D%3D.2-ccb7-5&oh=00_AYCWu-BAMdS1ZzRqmExuRtQvJgxrISUogHQ4rQE_XQVdtA&oe=6674AAA0&_nc_sid=ee9879,2.84E+18,https://www.instagram.com/visit_uxmal/,2024-06-17T23:06:36.551Z,,,,,,,,,,,,,,,,,,,,,,,,,,,,,,,,,,,,,,,,,,,,,,
https://www.instagram.com/p/CdgIrXJLsil/,"Uxmal, Cuadrangulo de las Monjas, aproximadamente 1940.",0,36,,,2022-05-13T14:47:25.000Z,FALSO,FALSO,Photo,"Photo by Visita Uxmal Yucatán on May 13, 2022.",https://www.instagram.com/visit_uxmal,visit_uxmal,Visita Uxmal Yucatán,https://scontent-cdg4-1.cdninstagram.com/v/t51.29350-15/280519437_335956858637318_3743749349002341858_n.webp?stp=dst-jpg_e35&efg=eyJ2ZW5jb2RlX3RhZyI6ImltYWdlX3VybGdlbi4xMDgweDEzNTAuc2RyLmYyOTM1MCJ9&_nc_ht=scontent-cdg4-1.cdninstagram.com&_nc_cat=102&_nc_ohc=-mWc1_CAmN8Q7kNvgGfDXhs&edm=ACWDqb8BAAAA&ccb=7-5&ig_cache_key=MjgzNzMwNTkyOTQwMzEyMzg3Nw%3D%3D.2-ccb7-5&oh=00_AYDi7D_qE8_ZO1XTZg5qoyG-LE_sTBSKeX4cMxixkhIAIA&oe=6674A24A&_nc_sid=ee9879,2.84E+18,https://www.instagram.com/visit_uxmal/,2024-06-17T23:06:36.551Z,,,,,,,,,,,,,,,,,,,,,,,,,,,,,,,,,,,,,,,,,,,,,,
https://www.instagram.com/p/CdeAJ1Xp-jf/,"1896. Del libro ""Cave hunting in Yucatan"", de Heny C. Mercer, obtuvimos esta singular imagen. Se trata de una vista del Cuadrángulo de las Monjas, en Uxmal, desde la Pirámide del Adivino. Observamos un edificio que aún no era rescatado, en ruinas, muy distinto a como se puede ver en la actualidad. 

Agrego una imagen actual, del mismo conjunto, en la misma posición, tomado del banco de datos del INAH.",0,24,,,2022-05-12T18:54:27.000Z,FALSO,VERDADERO,Carousel,,https://www.instagram.com/visit_uxmal,visit_uxmal,Visita Uxmal Yucatán,https://scontent-cdg4-2.cdninstagram.com/v/t51.29350-15/280601559_380079157223965_40388774961634458_n.webp?stp=dst-jpg_e35&_nc_ht=scontent-cdg4-2.cdninstagram.com&_nc_cat=101&_nc_ohc=Oe6Gajspa2kQ7kNvgGzBM78&edm=ACWDqb8BAAAA&ccb=7-5&ig_cache_key=MjgzNjcwNTQ4NjQ5MDEzNDI0Mg%3D%3D.2-ccb7-5&oh=00_AYCG7KReCtwVUV43xbaglYi7ERo4k61480hhn5q_70rP_w&oe=6676A118&_nc_sid=ee9879,2.84E+18,https://www.instagram.com/visit_uxmal/,2024-06-17T23:06:37.265Z,,,,2,,,,,,,,,,,,,,,,,,,,,,,,,,,,,,,,,,,,,,,,,,
https://www.instagram.com/p/CdMofdoLYIU/,"Circa 1920. Elegantes visitantes posan junto  al hermoso Arco que servía de acceso principal al Cuadrángulo de las Monjas en Uxmal, Yucatán.
** Fotografía actual del lugar en los comentarios.

Trabajo de edición realizado por @yucatanpasadoglorioso",0,24,,,2022-05-06T01:00:36.000Z,FALSO,FALSO,Photo,"Photo by Visita Uxmal Yucatán on May 05, 2022.",https://www.instagram.com/visit_uxmal,visit_uxmal,Visita Uxmal Yucatán,https://scontent-cdg4-3.cdninstagram.com/v/t51.29350-15/280116932_151610847360071_1197567141357736090_n.webp?stp=dst-jpg_e35&efg=eyJ2ZW5jb2RlX3RhZyI6ImltYWdlX3VybGdlbi4xMDgweDExMTYuc2RyLmYyOTM1MCJ9&_nc_ht=scontent-cdg4-3.cdninstagram.com&_nc_cat=111&_nc_ohc=lpK4eijh2ukQ7kNvgF3pKS4&edm=ACWDqb8BAAAA&ccb=7-5&ig_cache_key=MjgzMTgxNjM0OTY4NjAwNjI5Mg%3D%3D.2-ccb7-5&oh=00_AYBMkTSTcrlTDeese_qIRAApA8qVWHH-8NXdozwIeX2svw&oe=6674AFD5&_nc_sid=ee9879,2.83E+18,https://www.instagram.com/visit_uxmal/,2024-06-17T23:06:37.265Z,,,,,,,,,,,,,,,,,,,,,,,,,,,,,,,,,,,,,,,,,,,,,,
https://www.instagram.com/p/CcZFb2Lrs3C/,La Osa mayor desde Uxmal - hemisferio norte ????,0,21,,,2022-04-16T00:33:01.000Z,FALSO,FALSO,Photo,"Photo by Visita Uxmal Yucatán on April 15, 2022.",https://www.instagram.com/visit_uxmal,visit_uxmal,Visita Uxmal Yucatán,https://scontent-cdg4-2.cdninstagram.com/v/t51.29350-15/278458581_1350516572099935_8700911200412769329_n.webp?stp=dst-jpg_e35&efg=eyJ2ZW5jb2RlX3RhZyI6ImltYWdlX3VybGdlbi4xMTMxeDg0OC5zZHIuZjI5MzUwIn0&_nc_ht=scontent-cdg4-2.cdninstagram.com&_nc_cat=107&_nc_ohc=zeuO2h7ySXgQ7kNvgELGDQ0&edm=ACWDqb8BAAAA&ccb=7-5&ig_cache_key=MjgxNzMwNjk0NTczMzQ0NzEwNg%3D%3D.2-ccb7-5&oh=00_AYD5QDTStEuHhPupw0A-IiDrTfl3KWrUqsLGXS1xZMLqpQ&oe=667492E4&_nc_sid=ee9879,2.82E+18,https://www.instagram.com/visit_uxmal/,2024-06-17T23:06:37.265Z,,,,,,,,,,,,,,,,,,,,,,,,,,,,,,,,,,,,,,,,,,,,,,
https://www.instagram.com/p/CcRanQpLhXI/,"Año 1891-1893. Así lucía el Palacio del Gobernador en Uxmal, Yucatán, hace más de 120 años, cuando fue visitado y fotografiado por el explorador italo-austro-alemanTeobert Maler, pionero en la conservación del patrimonio arqueológico al denunciar a los exploradores que saqueaban las zonas arqueológicas.
** En los comentarios, fotografía original y fotografía actual. 

Fotografía original en blanco y negro editada, restaurada y coloreada digitalmente para una mejor presentación por @yucatanpasadoglorioso",0,11,,,2022-04-13T01:04:09.000Z,FALSO,FALSO,Photo,"Photo by Visita Uxmal Yucatán on April 12, 2022.",https://www.instagram.com/visit_uxmal,visit_uxmal,Visita Uxmal Yucatán,https://scontent-cdg4-2.cdninstagram.com/v/t51.29350-15/278225513_687413052304123_1960625986272027612_n.webp?stp=dst-jpg_e35&efg=eyJ2ZW5jb2RlX3RhZyI6ImltYWdlX3VybGdlbi4xMDgweDg0MC5zZHIuZjI5MzUwIn0&_nc_ht=scontent-cdg4-2.cdninstagram.com&_nc_cat=107&_nc_ohc=XT_btZ63-DMQ7kNvgHhjaax&edm=ACWDqb8BAAAA&ccb=7-5&ig_cache_key=MjgxNTE0ODI4OTIyMjkwNzMzNg%3D%3D.2-ccb7-5&oh=00_AYBIzh7gNflOtcQqoUUSURs8Dp7bt3CZcNhkq7tOm3dvjQ&oe=66749381&_nc_sid=ee9879,2.82E+18,https://www.instagram.com/visit_uxmal/,2024-06-17T23:06:37.265Z,,,,,,,,,,,,,,,,,,,,,,,,,,,,,,,,,,,,,,,,,,,,,,
https://www.instagram.com/p/CcDXjrrLLn0/,"Un periódico de 1841 publicó este episodio cuando John Lloyd Stephens y Fréderick Catherwood visitaron ( y exploraron Uxmal), ante el ""dueño"" de esas ruinas y piedras mayas. El señor Simón Peón le quiso poner precio o degradar a los monumentos, para que se exhibieran en USA. Bonita idea. Lo más interesante es que Stephens dio esa respuesta. 
Y hoy decimos 
#ElPatrimonioNoSeVende #LasRaícesHablan . Lo dejo aquí como un testimonio de que nuestras ciudades y pueblos originarios NO tienen precio.

?? Uxmal Yucatán México",0,10,,,2022-04-07T14:08:05.000Z,FALSO,FALSO,Photo,"Photo by Visita Uxmal Yucatán on April 07, 2022.",https://www.instagram.com/visit_uxmal,visit_uxmal,Visita Uxmal Yucatán,https://scontent-cdg4-1.cdninstagram.com/v/t51.29350-15/277908983_717202302790877_8084501312436004633_n.webp?stp=dst-jpg_e35&efg=eyJ2ZW5jb2RlX3RhZyI6ImltYWdlX3VybGdlbi41NTB4NTgwLnNkci5mMjkzNTAifQ&_nc_ht=scontent-cdg4-1.cdninstagram.com&_nc_cat=105&_nc_ohc=wyIGXsCXfZ8Q7kNvgGgFiNZ&edm=ACWDqb8BAAAA&ccb=7-5&ig_cache_key=MjgxMTE5NDE5OTU1NjAxMjUzMg%3D%3D.2-ccb7-5&oh=00_AYBat70zD8VrjATT9n4IX3AlTZw8pz23ecHUR6MHRQVmPw&oe=6674914C&_nc_sid=ee9879,2.81E+18,https://www.instagram.com/visit_uxmal/,2024-06-17T23:06:37.265Z,,,,,,,,,,,,,,,,,,,,,,,,,,,,,,,,,,,,,,,,,,,,,,
https://www.instagram.com/p/CaSMbP4LsR7/,"Año 1952. Turista tomando un descanso en una típica hamaca yucateca, a pie de la Pirámide del Adivino en la zona arqueológica de Uxmal, Yucatán.

Fotografía del Instituto Getty / Earl Leaf

Fotografía editada para una mejor presentación por @yucatanpasadoglorioso",1,37,,,2022-02-22T15:16:37.000Z,FALSO,FALSO,Photo,"Photo by Visita Uxmal Yucatán on February 22, 2022.",https://www.instagram.com/visit_uxmal,visit_uxmal,Visita Uxmal Yucatán,https://scontent-cdg4-1.cdninstagram.com/v/t51.29350-15/274322348_639160800531692_4040963127711705989_n.webp?stp=dst-jpg_e35&efg=eyJ2ZW5jb2RlX3RhZyI6ImltYWdlX3VybGdlbi4xMDc5eDExODYuc2RyLmYyOTM1MCJ9&_nc_ht=scontent-cdg4-1.cdninstagram.com&_nc_cat=108&_nc_ohc=l0mtXdaPiWgQ7kNvgFSa5yA&edm=ACWDqb8BAAAA&ccb=7-5&ig_cache_key=Mjc3OTMzODU2OTA3MzczODg3NQ%3D%3D.2-ccb7-5&oh=00_AYBp6LAo8HYCxt3QpJdFytk0qR9ktv7rosqTsuhNUbt4kg&oe=6674A221&_nc_sid=ee9879,2.78E+18,https://www.instagram.com/visit_uxmal/,2024-06-17T23:06:37.265Z,,,,,,,,,,,,,,,,,,,,,,,,,,,,,,,,,,,,,,,,,,,,,,
https://www.instagram.com/p/CaBE5n1rFz0/,"La Reina Isabel II de Inglaterra y su esposo el Príncipe Felipe de Edimburgo hicieron un recorrido por la zona arqueológica de Uxmal un 27 de Febrero de 1975, en una visita histórica de la monarquía a Yucatán, que abarcó diferentes puntos de la Península y otras partes de México. 

Edición @yucatanpasadoglorioso",0,28,,,2022-02-15T23:43:47.000Z,FALSO,FALSO,Photo,"Photo by Visita Uxmal Yucatán on February 15, 2022.",https://www.instagram.com/visit_uxmal,visit_uxmal,Visita Uxmal Yucatán,https://scontent-cdg4-1.cdninstagram.com/v/t51.29350-15/273986344_1605491369880365_8827169589166047175_n.webp?stp=dst-jpg_e35&efg=eyJ2ZW5jb2RlX3RhZyI6ImltYWdlX3VybGdlbi42NjR4NDk4LnNkci5mMjkzNTAifQ&_nc_ht=scontent-cdg4-1.cdninstagram.com&_nc_cat=105&_nc_ohc=qEcvs66ucL8Q7kNvgHDDbd7&edm=ACWDqb8BAAAA&ccb=7-5&ig_cache_key=Mjc3NDUyMDM5NzQwOTU3NDEzMg%3D%3D.2-ccb7-5&oh=00_AYCFYerGc7L77DXKwV8r0Ei6-v8ZNxGjCY8jHmD_kCfupA&oe=66749D91&_nc_sid=ee9879,2.77E+18,https://www.instagram.com/visit_uxmal/,2024-06-17T23:06:37.265Z,,,,,,,,,,,,,,,,,,,,,,,,,,,,,,,,,,,,,,,,,,,,,,
https://www.instagram.com/p/CaATwt5rujH/,"La Reina Isabel II de Inglaterra realizó una histórica visita a la Zona Arqueológica de Uxmal el 27 de Febrero de 1975. El pasado 6 de febrero cumplió 70 años de reinado.

Fotografía @headofwindsor

Edición @yucatanpasadoglorioso",2,65,,,2022-02-15T16:34:24.000Z,FALSO,FALSO,Photo,"Photo by Visita Uxmal Yucatán on February 15, 2022.",https://www.instagram.com/visit_uxmal,visit_uxmal,Visita Uxmal Yucatán,https://scontent-cdg4-3.cdninstagram.com/v/t51.29350-15/273925216_123405390231930_1898735203770602659_n.webp?stp=dst-jpg_e35&efg=eyJ2ZW5jb2RlX3RhZyI6ImltYWdlX3VybGdlbi4xMDc5eDEzMjQuc2RyLmYyOTM1MCJ9&_nc_ht=scontent-cdg4-3.cdninstagram.com&_nc_cat=106&_nc_ohc=J9FyK_Tw5eEQ7kNvgGd6Uc7&edm=ACWDqb8BAAAA&ccb=7-5&ig_cache_key=Mjc3NDMwNDI4MTE2NDk2NjA4Nw%3D%3D.2-ccb7-5&oh=00_AYAXq0qjgTicixDZggVQYMD_GEn0l8w3s1a6o3Uz5rfWrA&oe=6674A383&_nc_sid=ee9879,2.77E+18,https://www.instagram.com/visit_uxmal/,2024-06-17T23:06:37.265Z,,,,,,,,,,,,,,,,,,,,,,,,,,,,,,,,,,,,,,,,,,,,,,
https://www.instagram.com/p/CZ42uRDJtp6/,"1987 Mi primera visita a Uxmal 

?? Tomás Williams",5,26,,,2022-02-12T19:05:58.000Z,FALSO,VERDADERO,Carousel,,https://www.instagram.com/visit_uxmal,visit_uxmal,Visita Uxmal Yucatán,https://scontent-cdg4-3.cdninstagram.com/v/t51.29350-15/273881184_1880378275493075_892743559308811907_n.webp?stp=dst-jpg_e35&_nc_ht=scontent-cdg4-3.cdninstagram.com&_nc_cat=111&_nc_ohc=vVX7twsFdw4Q7kNvgEjEoPO&edm=ACWDqb8BAAAA&ccb=7-5&ig_cache_key=Mjc3MjIwNjIzOTU2OTIwODIxOA%3D%3D.2-ccb7-5&oh=00_AYDGPTwvjZaoH7bRhuGdsNk7OoCeJbh2KDO-z5cF9NS7aQ&oe=6676AFBD&_nc_sid=ee9879,2.77E+18,https://www.instagram.com/visit_uxmal/,2024-06-17T23:06:37.265Z,,,,10,,,,,,,,,,,,,,,,,,,,,,,,,,,,,,,,,,,,,,,,,,
https://www.instagram.com/p/CZxlvbPrS8m/,"Mundo maya, colección de fotos desde Ucrania",0,38,,,2022-02-09T23:22:54.000Z,FALSO,FALSO,Photo,"Photo by Visita Uxmal Yucatán on February 09, 2022.",https://www.instagram.com/visit_uxmal,visit_uxmal,Visita Uxmal Yucatán,https://scontent-cdg4-1.cdninstagram.com/v/t51.29350-15/273620580_6826504167424949_8045776798030937013_n.webp?stp=dst-jpg_e35&efg=eyJ2ZW5jb2RlX3RhZyI6ImltYWdlX3VybGdlbi44OTV4MTExOS5zZHIuZjI5MzUwIn0&_nc_ht=scontent-cdg4-1.cdninstagram.com&_nc_cat=105&_nc_ohc=D8ZN-74Uf1YQ7kNvgFUCUN_&edm=ACWDqb8BAAAA&ccb=7-5&ig_cache_key=Mjc3MDE2MTIzMjU5OTkyMDQyMg%3D%3D.2-ccb7-5&oh=00_AYAfLd8PWgEoUk6upTitK7MjUs2JINj01r7SqtvhneurkQ&oe=6674A768&_nc_sid=ee9879,2.77E+18,https://www.instagram.com/visit_uxmal/,2024-06-17T23:06:37.265Z,,,,,,,,,,,,,,,,,,,,,,,,,,,,,,,,,,,,,,,,,,,,,,
https://www.instagram.com/p/CZpRNHzLG16/,"Uxmal uno de los más importantes yacimientos arqueológicos de la cultura Maya, localizado en el municipio de Muna, Yucatán.

Fotografía de @maarcoski / Março Sáenz

Edición @yucatanpasadoglorioso",0,39,,,2022-02-06T17:49:31.000Z,FALSO,FALSO,Photo,"Photo by Visita Uxmal Yucatán on February 06, 2022.",https://www.instagram.com/visit_uxmal,visit_uxmal,Visita Uxmal Yucatán,https://scontent-cdg4-1.cdninstagram.com/v/t51.29350-15/273228785_240665744921870_4348899242519455561_n.webp?stp=dst-jpg_e35&efg=eyJ2ZW5jb2RlX3RhZyI6ImltYWdlX3VybGdlbi4xMDgweDEyNDIuc2RyLmYyOTM1MCJ9&_nc_ht=scontent-cdg4-1.cdninstagram.com&_nc_cat=102&_nc_ohc=GOYO_t5KTdQQ7kNvgHH4IR9&edm=ACWDqb8BAAAA&ccb=7-5&ig_cache_key=Mjc2NzgxOTExNDUxNDUwOTE3OA%3D%3D.2-ccb7-5&oh=00_AYBUuGagVx0UHAFkW61easHfU7TgnclLfiJl2-rE6gjYSA&oe=66748D69&_nc_sid=ee9879,2.77E+18,https://www.instagram.com/visit_uxmal/,2024-06-17T23:06:37.265Z,,,,,,,,,,,,,,,,,,,,,,,,,,,,,,,,,,,,,,,,,,,,,,
https://www.instagram.com/p/CYvH8Ebsima/,"Uxmal una poesía hecha piedra.. 

?? https://instagram.com/simonnorfolkstudio?utm_medium=copy_link",0,39,"Uxmal Maya Ruins, Yucatán",531885741,2022-01-15T03:52:36.000Z,FALSO,VERDADERO,Carousel,,https://www.instagram.com/visit_uxmal,visit_uxmal,Visita Uxmal Yucatán,https://scontent-cdg4-3.cdninstagram.com/v/t51.29350-15/271989557_328754172446615_684101850419198580_n.webp?stp=dst-jpg_e35&_nc_ht=scontent-cdg4-3.cdninstagram.com&_nc_cat=111&_nc_ohc=x8C62bXvaJkQ7kNvgH8op72&edm=ACWDqb8BAAAA&ccb=7-5&ig_cache_key=Mjc1MTQ1MjgwODE2OTQ3MTM2Ng%3D%3D.2-ccb7-5&oh=00_AYDyImZ-0n4W4A1iKgMZdwvMt6em2n_oD4-LZ1i1So4MSA&oe=6676AA6C&_nc_sid=ee9879,2.75E+18,https://www.instagram.com/visit_uxmal/,2024-06-17T23:06:37.265Z,,,,4,"?????????? ??????????????, ????????????????????????",simonnorfolkstudio,,,,,,,,,,,,,,,,,,,,,,,,,,,,,,,,,,,,,,,,
https://www.instagram.com/p/CYsuKYfM0b9/,"?? visita del General Álvaro Obregón a Uxmal en 1920. Una foto que un fotógrafo famoso de Mérida, de origen español, tomó cuando el candidato a la presidencia de México, pasó por Uxmal. No lo publico (a él) pero fue en esas fechas y en esos días de campaña.

?? ?? Martin Enrique",0,32,,,2022-01-14T05:28:53.000Z,FALSO,FALSO,Photo,"Photo by Visita Uxmal Yucatán on January 13, 2022.",https://www.instagram.com/visit_uxmal,visit_uxmal,Visita Uxmal Yucatán,https://scontent-cdg4-1.cdninstagram.com/v/t51.29350-15/271834117_492763935774610_3483195238086954512_n.webp?stp=dst-jpg_e35&efg=eyJ2ZW5jb2RlX3RhZyI6ImltYWdlX3VybGdlbi41MDR4MzY2LnNkci5mMjkzNTAifQ&_nc_ht=scontent-cdg4-1.cdninstagram.com&_nc_cat=110&_nc_ohc=yLnK_af9VN4Q7kNvgG1vmtR&edm=ACWDqb8BAAAA&ccb=7-5&ig_cache_key=Mjc1MDc3NjQ5NjA0NDA2NjU1Nw%3D%3D.2-ccb7-5&oh=00_AYDufe896HSWdV30c12wv73K0tixIF6hPTw-31xxqEOHkg&oe=66748517&_nc_sid=ee9879,2.75E+18,https://www.instagram.com/visit_uxmal/,2024-06-17T23:06:37.994Z,,,,,,,,,,,,,,,,,,,,,,,,,,,,,,,,,,,,,,,,,,,,,,
https://www.instagram.com/p/CYfoFq-IC6A/,"Uxmal: portal místico de entrada a la #RutaPuuc ???

La Zona Arqueológica de #Uxmal, conocida como la “Tres Veces Construida” y declarada Patrimonio Cultural de la Humanidad por la UNESCO en 1996.

¡Visítala! ?? https://bit.ly/3gLleAM",1,60,,,2022-01-09T03:25:41.000Z,FALSO,FALSO,Photo,"Photo by Visita Uxmal Yucatán on January 08, 2022.",https://www.instagram.com/visit_uxmal,visit_uxmal,Visita Uxmal Yucatán,https://scontent-cdg4-2.cdninstagram.com/v/t51.29350-15/271498023_479166777112560_845136131387758834_n.jpg?stp=dst-jpg_e15&efg=eyJ2ZW5jb2RlX3RhZyI6ImltYWdlX3VybGdlbi4xMDgweDYwNy5zZHIuZjI5MzUwIn0&_nc_ht=scontent-cdg4-2.cdninstagram.com&_nc_cat=100&_nc_ohc=hKOl8nTDpcgQ7kNvgEZAezx&edm=ACWDqb8BAAAA&ccb=7-5&ig_cache_key=Mjc0NzA5MDYwOTMxNjU3MjgwMA%3D%3D.2-ccb7-5&oh=00_AYBO8-ADw09JqX4WQUHhcYfwnWXkRVPEOXkQjKI5omKzcA&oe=6674AC77&_nc_sid=ee9879,2.75E+18,https://www.instagram.com/visit_uxmal/,2024-06-17T23:06:37.994Z,,,,,,,,,,,,,,,,,,,,,,,,,,,,,,,,,,,,,,,,,,,,,,
https://www.instagram.com/p/CYRb7s_rVG4/,"La llamada “Reina de Uxmal” es esta pieza elaborada entre el 600-900 d.C. en la zona arqueológica mencionada en #Yucatán. Posiblemente es el retrato de un gobernante o sacerdote con escarificaciones en forma de espirarl en el rostro.Emerge de las fauces de una serpiente estilizada.

Vía: El Espejo Humeante",0,22,,,2022-01-03T15:10:06.000Z,FALSO,FALSO,Photo,"Photo by Visita Uxmal Yucatán on January 03, 2022.",https://www.instagram.com/visit_uxmal,visit_uxmal,Visita Uxmal Yucatán,https://scontent-cdg4-3.cdninstagram.com/v/t51.29350-15/271203129_731494481209744_7477868157004194471_n.webp?stp=dst-jpg_e35&efg=eyJ2ZW5jb2RlX3RhZyI6ImltYWdlX3VybGdlbi4xMDgweDEzNTAuc2RyLmYyOTM1MCJ9&_nc_ht=scontent-cdg4-3.cdninstagram.com&_nc_cat=104&_nc_ohc=-xClqS74Wl8Q7kNvgG57e8S&edm=ACWDqb8BAAAA&ccb=7-5&ig_cache_key=Mjc0MzA5NjQ5ODA2MzIzMzQ2NA%3D%3D.2-ccb7-5&oh=00_AYDB7wRarpaWIAk-28SLaND-DTb1co2e8VHLoycOsyeUDA&oe=667494EB&_nc_sid=ee9879,2.74E+18,https://www.instagram.com/visit_uxmal/,2024-06-17T23:06:37.994Z,,,,,,,,,,,,,,,,,,,,,,,,,,,,,,,,,,,,,,,,,,,,,,
https://www.instagram.com/p/CXotp_IL_7k/,"¡Impresionante el adivino!

?? JD Bertoni",0,32,,,2021-12-18T19:36:06.000Z,FALSO,FALSO,Photo,"Photo by Visita Uxmal Yucatán on December 18, 2021.",https://www.instagram.com/visit_uxmal,visit_uxmal,Visita Uxmal Yucatán,https://scontent-cdg4-2.cdninstagram.com/v/t51.29350-15/269504328_765204517679799_290536563979030308_n.jpg?stp=dst-jpg_e35&efg=eyJ2ZW5jb2RlX3RhZyI6ImltYWdlX3VybGdlbi4xMDgweDEzNDUuc2RyLmYyOTM1MCJ9&_nc_ht=scontent-cdg4-2.cdninstagram.com&_nc_cat=103&_nc_ohc=FsJy9L9xfg8Q7kNvgFMd4He&edm=ACWDqb8BAAAA&ccb=7-5&ig_cache_key=MjczMTYzMzk3MTM3NDg0OTc2NA%3D%3D.2-ccb7-5&oh=00_AYDPHx4Yvk15Na6QZ18FFkFWqriDRANPlRdKS6b1K5uwuw&oe=66748F9E&_nc_sid=ee9879,2.73E+18,https://www.instagram.com/visit_uxmal/,2024-06-17T23:06:37.994Z,,,,,,,,,,,,,,,,,,,,,,,,,,,,,,,,,,,,,,,,,,,,,,
https://www.instagram.com/p/CXotCStrTHw/,"Personas afortunadas escalando la pirámide del adivino en uxmal 

Créditos a quien corresponda..",1,46,,,2021-12-18T19:30:41.000Z,FALSO,FALSO,Photo,"Photo by Visita Uxmal Yucatán on December 18, 2021.",https://www.instagram.com/visit_uxmal,visit_uxmal,Visita Uxmal Yucatán,https://scontent-cdg4-1.cdninstagram.com/v/t51.29350-15/268607317_210078951315353_7821841516916381602_n.jpg?stp=dst-jpg_e35&efg=eyJ2ZW5jb2RlX3RhZyI6ImltYWdlX3VybGdlbi4xMDgweDEzNDcuc2RyLmYyOTM1MCJ9&_nc_ht=scontent-cdg4-1.cdninstagram.com&_nc_cat=105&_nc_ohc=6ZBtkMKrc4oQ7kNvgFEWlgq&edm=ACWDqb8BAAAA&ccb=7-5&ig_cache_key=MjczMTYzMTI0MzYyNTgzNzA0MA%3D%3D.2-ccb7-5&oh=00_AYA_UnzNp8EW_Ia5wCdAULmrtImPxyO1-RKySlSj5UO7HA&oe=6674AF55&_nc_sid=ee9879,2.73E+18,https://www.instagram.com/visit_uxmal/,2024-06-17T23:06:37.994Z,,,,,,,,,,,,,,,,,,,,,,,,,,,,,,,,,,,,,,,,,,,,,,
https://www.instagram.com/p/CXAPCNHrE8F/,"Que bellos momentos en uxmal. 

?? - @luis_morales_jr",2,30,"Uxmal Maya Ruins, Yucatán",531885741,2021-12-03T02:18:54.000Z,FALSO,FALSO,Photo,"Photo by Visita Uxmal Yucatán in Uxmal Maya Ruins, Yucatán.",https://www.instagram.com/visit_uxmal,visit_uxmal,Visita Uxmal Yucatán,https://scontent-cdg4-3.cdninstagram.com/v/t51.29350-15/263796549_221139533380300_4504537702906482604_n.jpg?stp=dst-jpg_e35&efg=eyJ2ZW5jb2RlX3RhZyI6ImltYWdlX3VybGdlbi4xMDY2eDEwNjYuc2RyLmYyOTM1MCJ9&_nc_ht=scontent-cdg4-3.cdninstagram.com&_nc_cat=104&_nc_ohc=2vQd3x36npwQ7kNvgHAHYVE&edm=ACWDqb8BAAAA&ccb=7-5&ig_cache_key=MjcyMDI0MDI5NzE1NTc3NjI2MQ%3D%3D.2-ccb7-5&oh=00_AYDv-0NSLxWxgmBqVEGwXDzzeGJJ6BTrf8D63swuFdtS1Q&oe=667489D2&_nc_sid=ee9879,2.72E+18,https://www.instagram.com/visit_uxmal/,2024-06-17T23:06:37.994Z,,,,,,,,,,,,,,,,,,,,,,,,,,,,,,,,,,,,,,,,,,,,,,
https://www.instagram.com/p/CWWQJ8CtyZP/,"Conoce los vuelos panorámicos en Yucatán, visita Uxmal desde el aire con @iflyaviacion  @iflyexperience  @bwwoolrich",0,11,,,2021-11-16T19:01:09.000Z,FALSO,FALSO,Video,,https://www.instagram.com/visit_uxmal,visit_uxmal,Visita Uxmal Yucatán,https://scontent-cdg4-1.cdninstagram.com/v/t51.29350-15/257165004_4862798897073053_6229271570145958986_n.jpg?stp=dst-jpg_e35&efg=eyJ2ZW5jb2RlX3RhZyI6ImltYWdlX3VybGdlbi42NDB4MzYwLnNkci5mMjkzNTAifQ&_nc_ht=scontent-cdg4-1.cdninstagram.com&_nc_cat=105&_nc_ohc=CHhcxbOC3i0Q7kNvgGToR1y&edm=ACWDqb8BAAAA&ccb=7-5&ig_cache_key=MjcwODQyMzI3NzU5OTQ2NzA4Nw%3D%3D.2-ccb7-5&oh=00_AYCBfpEPlNg4wyiFVUMB_P4of5TL8aOjv-Fx_sl-w-eKCQ&oe=66748E6D&_nc_sid=ee9879,2.71E+18,https://www.instagram.com/visit_uxmal/,2024-06-17T23:06:37.994Z,https://scontent-cdg4-2.cdninstagram.com/o1/v/t16/f1/m84/02479EF3938489E50A929BAA5D79CF88_video_dashinit.mp4?efg=eyJxZV9ncm91cHMiOiJbXCJpZ193ZWJfZGVsaXZlcnlfdnRzX290ZlwiXSIsInZlbmNvZGVfdGFnIjoidnRzX3ZvZF91cmxnZW4uZmVlZC5jMi42NDAuYmFzZWxpbmUifQ&_nc_ht=scontent-cdg4-2.cdninstagram.com&_nc_cat=100&vs=818439309812476_948443518&_nc_vs=HBksFQIYTGlnX2JhY2tmaWxsX3RpbWVsaW5lX3ZvZC8wMjQ3OUVGMzkzODQ4OUU1MEE5MjlCQUE1RDc5Q0Y4OF92aWRlb19kYXNoaW5pdC5tcDQVAALIAQAVAhg6cGFzc3Rocm91Z2hfZXZlcnN0b3JlL0dLc1hzQllWVENneENnVUpBUEhTaXdranVaTWZicGt3QUFBRhUCAsgBACgAGAAbAYgHdXNlX29pbAEwFQAAJoqppJnY285AFQIoAkMzLBdARvdsi0OVgRgSZGFzaF9iYXNlbGluZV8xX3YxEQB16gcA&ccb=9-4&oh=00_AYCcBCUH2vqRBO2ixPV8iaChh_HetGCB1QbEKr_Vx5DhWw&oe=6674B202&_nc_sid=ee9879,45.933,,,,,,,,,310,,,,,,,,,,,,,,,,,,,,,,,,,,,,,,,,,,,
https://www.instagram.com/p/CWAS3EmLAtM/,"?????? ATENCIÓN ??????

ESTE MARTES 9 DE NOVIEMBRE ABRE AL PUBLICO ""ECOS DE UXMAL""

De lunes a domingo; Habrá tres presentaciones por día: a las 19:30 horas, a las 20:15 horas y a las 21 horas. 

A partir de este lunes 8, los interesados podrán adquirir sus boletos en la página culturyucatan.com, donde hallarán información y los enlaces respectivos. Las entradas también se vendrán en las taquillas del parador turístico.",3,38,"Uxmal Maya Ruins, Yucatán",531885741,2021-11-08T06:20:57.000Z,FALSO,VERDADERO,Carousel,,https://www.instagram.com/visit_uxmal,visit_uxmal,Visita Uxmal Yucatán,https://scontent-cdg4-2.cdninstagram.com/v/t51.29350-15/253593907_954843195071028_14327215559450562_n.jpg?stp=dst-jpg_e35&_nc_ht=scontent-cdg4-2.cdninstagram.com&_nc_cat=100&_nc_ohc=P5yKyNZbE7QQ7kNvgHzdaDu&edm=ACWDqb8BAAAA&ccb=7-5&ig_cache_key=MjcwMjI0MjcyMjM5NDAyMzEyNw%3D%3D.2-ccb7-5&oh=00_AYDQQgb4iCoIItDBW21p4i7WUO0yq8lMdr_fIM_reR5f1g&oe=66769B2F&_nc_sid=ee9879,2.70E+18,https://www.instagram.com/visit_uxmal/,2024-06-17T23:06:37.994Z,,,,4,,,,,,,,,,,,,,,,,,,,,,,,,,,,,,,,,,,,,,,,,,
https://www.instagram.com/p/CTIplK2LpLA/,"El palacio del gobernador en Uxmal, Yucatán en México. En una fotografía tomada en el año de 1882 por el explorador francés Désiré Charnay.",1,33,,,2021-08-28T22:39:13.000Z,FALSO,FALSO,Photo,"Photo by Visita Uxmal Yucatán on August 28, 2021.",https://www.instagram.com/visit_uxmal,visit_uxmal,Visita Uxmal Yucatán,https://scontent-cdg4-2.cdninstagram.com/v/t51.29350-15/240830406_349797146873076_4102741066227888259_n.jpg?stp=dst-jpg_e35&efg=eyJ2ZW5jb2RlX3RhZyI6ImltYWdlX3VybGdlbi4xMDgweDc1OS5zZHIuZjI5MzUwIn0&_nc_ht=scontent-cdg4-2.cdninstagram.com&_nc_cat=100&_nc_ohc=DEpJ-Sb8L08Q7kNvgGVtMYT&edm=ACWDqb8BAAAA&ccb=7-5&ig_cache_key=MjY1MDU1MTI1NDg4MTU3MTUyMA%3D%3D.2-ccb7-5&oh=00_AYCJ-numqttcRQ6wBTz5sm1lZ7j_QaobwBTXeYtqE46GZA&oe=667481F5&_nc_sid=ee9879,2.65E+18,https://www.instagram.com/visit_uxmal/,2024-06-17T23:06:37.994Z,,,,,,,,,,,,,,,,,,,,,,,,,,,,,,,,,,,,,,,,,,,,,,
https://www.instagram.com/p/CSQMd8Xr9HJ/,"Los precursores y pioneros del turismo en Muna Don Hector Arana Cabrera y Don Luis Arana Bustillos (descanse en paz)

Sin lugar a dudas Muna ha destacado por ser un sitio turístico de interés y un tanto es debido a la cercanía con la Ruta Puuc, de los primeros guías que trajeron a innumerables conocedores de la cultura maya lo fueron don Héctor Arana Cabrera nacido en muna al igual que su hijo don Luis Arana en la Casa que se encuentra a contraesquina del parque
Fueron ellos los exploradores que llevaron a los primeros arqueólogos al buscar las ciudades mayas perdidas al sur de Yucatán, Quintana Roo y Campeche; como atestiguan numerosas cartas de agradecimiento suscritas por arqueólogos famosos y que Luis conserva como un recuerdo de pasadas y felices aventuras.
Pero esos antiguos guías exploradores no solo la hacían de choferes, ellos mismos preparaban los campamentos, cocinaban y la hacían de mecánicos cuando se necesitaba. Porque en esas expediciones, donde no había población alguna, necesitaban llevar refacciones, bandas, bujías, medicinas, tabaco y ron para las noches y sí, también hacer guardias en la noche mientras los turistas dormían.
Los campamentos de los custodios de los sitios arqueológicos, o de los campamentos madereros y chicleros eran los lugares ideales para pernoctar por la seguridad que los establecimientos ofrecían. Era muy importante mantener las amistades a lo largo de las rutas con estos amigos custodios o capataces de los campamentos, por lo que siempre llevaba pequeños regalos que tanto se aprecian en estas lejanas partes como un paquete de cigarrillos, una botella de ron, un buen cuchillo o un molino para carne. En la región Puuc los sitios intervenidos por el INAH, todos tienen chultunes y/o akalchés para proveer de agua a los vigilantes. Los vigilantes de los sitios alejados tienen sus descansos una vez cada dos semanas y de regreso llevan cargando las mercancías que van a consumir durante ese tiempo, naturalmente cuando Don Héctor los encontraba en el camino, lo menos que hacía por ellos era subir al Jeep la pesada carga, y si había algún lugar disponible llevaba a la esposa y niños hasta su destino en medio de la nada",0,23,,,2021-08-07T00:27:21.000Z,FALSO,VERDADERO,Carousel,,https://www.instagram.com/visit_uxmal,visit_uxmal,Visita Uxmal Yucatán,https://scontent-cdg4-1.cdninstagram.com/v/t51.29350-15/234036203_580926063287561_1157786215310749960_n.jpg?stp=dst-jpg_e35&_nc_ht=scontent-cdg4-1.cdninstagram.com&_nc_cat=105&_nc_ohc=9wSO-oh9AqkQ7kNvgGeE69n&edm=ACWDqb8BAAAA&ccb=7-5&ig_cache_key=MjYzNDY2MDYxMjE5NjQ0MjAxNg%3D%3D.2-ccb7-5&oh=00_AYBGck7H3phkvryLyMi5JukKEzFcgw8DrUCvmP2gkD719g&oe=6676AEC2&_nc_sid=ee9879,2.63E+18,https://www.instagram.com/visit_uxmal/,2024-06-17T23:06:37.994Z,,,,10,,,,,,,,,,,,,,,,,,,,,,,,,,,,,,,,,,,,,,,,,,
https://www.instagram.com/p/CR9PY8QL1qW/,"Así lucía #Uxmal la primera vez que la redescubrieron en una expedición entre 1858–1860??

??Claude-Joseph Désiré Charnay",5,66,"Uxmal Maya Ruins, Yucatán",531885741,2021-07-30T15:47:19.000Z,FALSO,FALSO,Photo,"Photo by Visita Uxmal Yucatán in Uxmal Maya Ruins, Yucatán.",https://www.instagram.com/visit_uxmal,visit_uxmal,Visita Uxmal Yucatán,https://scontent-cdg4-1.cdninstagram.com/v/t51.29350-15/226455461_550952122986266_7439502599103402527_n.jpg?stp=dst-jpg_e35&efg=eyJ2ZW5jb2RlX3RhZyI6ImltYWdlX3VybGdlbi4xMDI0eDEyMzkuc2RyLmYyOTM1MCJ9&_nc_ht=scontent-cdg4-1.cdninstagram.com&_nc_cat=102&_nc_ohc=XBooo-3hvUQQ7kNvgEm2ZwQ&edm=ACWDqb8BAAAA&ccb=7-5&ig_cache_key=MjYyOTMyNTQ0MjExNTM5NDE5OA%3D%3D.2-ccb7-5&oh=00_AYCRm6O8wCC1_QRTUUdWLMKUPO2JhGGjtA2UAAFMNLY7Ag&oe=6674A03F&_nc_sid=ee9879,2.63E+18,https://www.instagram.com/visit_uxmal/,2024-06-17T23:06:37.994Z,,,,,,,,,,,,,,,,,,,,,,,,,,,,,,,,,,,,,,,,,,,,,,
https://www.instagram.com/p/CR28lOZLh3L/,"Ya sea en piedra, jade o arcilla, déjate maravillar por las artesanías que Los Ceibos tienen para ofrecerte. Visita su taller en Muna, y descubre el talento de esta familia de artesanos en cada una de sus piezas. 
#QuédateEnYucatán
#365DíasEnYucatán

Más información en: https://yucatan.travel/experiencia/121-artista-en-vasijas-prehispanicas/",0,4,,,2021-07-28T05:07:32.000Z,FALSO,FALSO,Photo,"Photo by Visita Uxmal Yucatán on July 27, 2021.",https://www.instagram.com/visit_uxmal,visit_uxmal,Visita Uxmal Yucatán,https://scontent-cdg4-2.cdninstagram.com/v/t51.29350-15/226492617_858190768413744_7442845944240098679_n.jpg?stp=dst-jpg_e35&efg=eyJ2ZW5jb2RlX3RhZyI6ImltYWdlX3VybGdlbi4xMDgweDYzNy5zZHIuZjI5MzUwIn0&_nc_ht=scontent-cdg4-2.cdninstagram.com&_nc_cat=100&_nc_ohc=Yvqopwt86MgQ7kNvgFTFatK&edm=ACWDqb8BAAAA&ccb=7-5&ig_cache_key=MjYyNzU1Mzg3MzQ4MzQwNjc5NQ%3D%3D.2-ccb7-5&oh=00_AYDFAmmXdi8Eid7PieOsLlvX-CLEY27_lJ94KkaFYu_6IA&oe=66748239&_nc_sid=ee9879,2.63E+18,https://www.instagram.com/visit_uxmal/,2024-06-17T23:06:37.994Z,,,,,,,,,,,,,,,,,,,,,,,,,,,,,,,,,,,,,,,,,,,,,,
https://www.instagram.com/p/CQ14ws8rLDc/,"Muy pronto, nuevo espectáculo de Luz y sonido. Esperalo.  ECOS DE UXMAL",5,57,"Uxmal Maya Ruins, Yucatán",531885741,2021-07-02T22:43:31.000Z,FALSO,VERDADERO,Carousel,,https://www.instagram.com/visit_uxmal,visit_uxmal,Visita Uxmal Yucatán,https://scontent-cdg4-3.cdninstagram.com/v/t51.29350-15/210212027_437457117479946_4033279062525768287_n.jpg?stp=dst-jpg_e35&_nc_ht=scontent-cdg4-3.cdninstagram.com&_nc_cat=106&_nc_ohc=NNuWFEgzb8AQ7kNvgE5yME5&edm=ACWDqb8BAAAA&ccb=7-5&ig_cache_key=MjYwOTI0MTE5Mjk4NDgwNDE2NA%3D%3D.2-ccb7-5&oh=00_AYDsD3TERMthfUz2YAXGEf5hMr-L_y7Ch2IHM1MKJVei7w&oe=6676929D&_nc_sid=ee9879,2.61E+18,https://www.instagram.com/visit_uxmal/,2024-06-17T23:06:38.765Z,,,,5,,,,,,,,,,,,,,,,,,,,,,,,,,,,,,,,,,,,,,,,,,
https://www.instagram.com/p/CNs2W36rovo/,Arte Maya los ceibos. A tu paso por Uxmal visita Muna.  Tendrás la oportunidad de ver y poder comprar reproducciones prehispánicas.  Encuéntralos en calle 13 x 26 y 28 Muna. CP 97840,0,12,,,2021-04-15T20:55:10.000Z,FALSO,VERDADERO,Carousel,,https://www.instagram.com/visit_uxmal,visit_uxmal,Visita Uxmal Yucatán,https://scontent-cdg4-2.cdninstagram.com/v/t51.29350-15/174251703_4096309507098403_784695595503807669_n.jpg?stp=dst-jpg_e35&_nc_ht=scontent-cdg4-2.cdninstagram.com&_nc_cat=107&_nc_ohc=AzztFmcjgz4Q7kNvgEC-EbR&edm=ACWDqb8BAAAA&ccb=7-5&ig_cache_key=MjU1MjY1NDE1MjA1NTMxMzMzNg%3D%3D.2-ccb7-5&oh=00_AYAj00gwvZOURhXKTyLD4xRKmiKRl94FxEr4_ths88utnQ&oe=66768397&_nc_sid=ee9879,2.55E+18,https://www.instagram.com/visit_uxmal/,2024-06-17T23:06:38.765Z,,,,3,,,,,,,,,,,,,,,,,,,,,,,,,,,,,,,,,,,,,,,,,,
https://www.instagram.com/p/CMtZch2gant/,Uxmal vuelve a abrir sus puertas hoy 22 de marzo.  Visita Uxmal de 8:00 am hasta 4:00 PM para la venta de boletos y como último acceso.  Cierra a las 5:00 Pm,0,33,,,2021-03-22T05:30:22.000Z,FALSO,FALSO,Photo,"Photo by Visita Uxmal Yucatán on March 21, 2021.",https://www.instagram.com/visit_uxmal,visit_uxmal,Visita Uxmal Yucatán,https://scontent-cdg4-2.cdninstagram.com/v/t51.2885-15/162809012_259447515816121_8918508231071371815_n.jpg?stp=dst-jpg_e15&efg=eyJ2ZW5jb2RlX3RhZyI6ImltYWdlX3VybGdlbi4xMDgweDY2MC5zZHIuZjI4ODUifQ&_nc_ht=scontent-cdg4-2.cdninstagram.com&_nc_cat=101&_nc_ohc=eBWyKNJHKQkQ7kNvgFFRzuS&edm=ACWDqb8BAAAA&ccb=7-5&ig_cache_key=MjUzNDc5NDA3NjkzNTUzMDk4OQ%3D%3D.2-ccb7-5&oh=00_AYBUmQvZRjYS5aFQnwsFRVfSNbtwYm7zA36UwQknAAn6FA&oe=6674B34E&_nc_sid=ee9879,2.53E+18,https://www.instagram.com/visit_uxmal/,2024-06-17T23:06:38.765Z,,,,,,,,,,,,,,,,,,,,,,,,,,,,,,,,,,,,,,,,,,,,,,
https://www.instagram.com/p/CMltx9XLdqF/,Uxmal en 1946,3,34,"Uxmal Maya Ruins, Yucatán",531885741,2021-03-19T05:54:08.000Z,FALSO,FALSO,Photo,"Photo by Visita Uxmal Yucatán in Uxmal Maya Ruins, Yucatán.",https://www.instagram.com/visit_uxmal,visit_uxmal,Visita Uxmal Yucatán,https://scontent-cdg4-1.cdninstagram.com/v/t51.29350-15/162097907_844031959789676_5924395450647937672_n.jpg?stp=dst-jpg_e35&efg=eyJ2ZW5jb2RlX3RhZyI6ImltYWdlX3VybGdlbi45NjB4OTYwLnNkci5mMjkzNTAifQ&_nc_ht=scontent-cdg4-1.cdninstagram.com&_nc_cat=108&_nc_ohc=rKOuCI1JjdUQ7kNvgGfkO0e&edm=ACWDqb8BAAAA&ccb=7-5&ig_cache_key=MjUzMjYzMTcxMDcwMDI2NDA2OQ%3D%3D.2-ccb7-5&oh=00_AYAp6VXqq6teFjIR7-l-S_gPsS_yv7U51BzzwDVzPOgsiw&oe=66749E51&_nc_sid=ee9879,2.53E+18,https://www.instagram.com/visit_uxmal/,2024-06-17T23:06:38.765Z,,,,,,,,,,,,,,,,,,,,,,,,,,,,,,,,,,,,,,,,,,,,,,
https://www.instagram.com/p/CH-rRiZgBjF/,Uxmal en 1950,4,40,"Uxmal Maya Ruins, Yucatán",531885741,2020-11-24T15:56:17.000Z,FALSO,FALSO,Photo,"Photo by Visita Uxmal Yucatán in Uxmal Maya Ruins, Yucatán.",https://www.instagram.com/visit_uxmal,visit_uxmal,Visita Uxmal Yucatán,https://scontent-cdg4-2.cdninstagram.com/v/t51.29350-15/125819259_374186317199709_3595412113541399904_n.jpg?stp=dst-jpg_e35&efg=eyJ2ZW5jb2RlX3RhZyI6ImltYWdlX3VybGdlbi40ODB4NDkwLnNkci5mMjkzNTAifQ&_nc_ht=scontent-cdg4-2.cdninstagram.com&_nc_cat=109&_nc_ohc=7k186lLvLjUQ7kNvgHijZCJ&edm=ACWDqb8BAAAA&ccb=7-5&ig_cache_key=MjQ0OTU4NTU2ODUwMjI1Nzg2MQ%3D%3D.2-ccb7-5&oh=00_AYA_-OROkB5zHFWDkvoDa53ME02IBzv3DzzacDW5-Uwqow&oe=667494B1&_nc_sid=ee9879,2.45E+18,https://www.instagram.com/visit_uxmal/,2024-06-17T23:06:38.765Z,,,,,,,,,,,,,,,,,,,,,,,,,,,,,,,,,,,,,,,,,,,,,,
https://www.instagram.com/p/CHuK2gwAOoZ/,"Sigue explorando Uxmal y sus pueblos vecinos, cómo Muna y Santa Elena.  Recuerda somos un grupo de locales y te queremos ayudar a planificar mejor tu viaje por nuestras tierras mayas, escríbenos te brindamos asesoría y recomendaciones totalmente gratis. ?? 
#uxmaltravel  #uxmalyucatan  #visituxmal #vist_uxmal?????",2,13,,,2020-11-18T06:05:07.000Z,FALSO,FALSO,Photo,"Photo by Visita Uxmal Yucatán on November 17, 2020.",https://www.instagram.com/visit_uxmal,visit_uxmal,Visita Uxmal Yucatán,https://scontent-cdg4-3.cdninstagram.com/v/t51.29350-15/125872235_180510193666031_5863573206692025027_n.jpg?stp=dst-jpg_e35&efg=eyJ2ZW5jb2RlX3RhZyI6ImltYWdlX3VybGdlbi4xMDgweDEwODAuc2RyLmYyOTM1MCJ9&_nc_ht=scontent-cdg4-3.cdninstagram.com&_nc_cat=111&_nc_ohc=mQrcletzC0QQ7kNvgFPqdF8&edm=ACWDqb8BAAAA&ccb=7-5&ig_cache_key=MjQ0NDkzOTM3NDE5MDcxNzQ2NQ%3D%3D.2-ccb7-5&oh=00_AYDuRtbsEFjoWROP4CgGnI-7NabpNJbYB7QYIU5DMEOrdA&oe=6674AAED&_nc_sid=ee9879,2.44E+18,https://www.instagram.com/visit_uxmal/,2024-06-17T23:06:38.765Z,,,,,,,,,,,,,,,,,,,,,,,,,,,,,,,,,,,,,,,,,,,,,,
https://www.instagram.com/p/CHbmG7rAd7_/,"Si visitas UXMAl de regreso puedes pasar a visitar Muna,  se encuentra camino a uxmal y en ella puedes adquirir diversos productos y servicios.. desde snacks en el super mercado hasta frutas y verduras frescas en su mercado local, servicios de  hospedaje, tours a grutas, vistas panorámicas desde el cerro más alto de Yucatán, y si viajas de Mérida a Uxmal y no encuentras Autobús para llegar con la línea SUR usted puede tomar otro autobús de nombre Mayab y pedirá desender en el poblado de Muna y desde el Centro tomar un taxy para Uxmal. ??? En este timelapse podrás observar el camino de uxmal a Muna 16 Km en 30 segundos.",0,12,"Muna Centro, Muna",6.33E+14,2020-11-11T01:01:28.000Z,FALSO,FALSO,Video,,https://www.instagram.com/visit_uxmal,visit_uxmal,Visita Uxmal Yucatán,https://scontent-cdg4-1.cdninstagram.com/v/t51.29350-15/124299011_172700154520469_4310922105875621246_n.jpg?stp=dst-jpg_e35&efg=eyJ2ZW5jb2RlX3RhZyI6ImltYWdlX3VybGdlbi43MjB4NDA2LnNkci5mMjkzNTAifQ&_nc_ht=scontent-cdg4-1.cdninstagram.com&_nc_cat=105&_nc_ohc=iA2W9LZGmygQ7kNvgGdneUz&edm=ACWDqb8BAAAA&ccb=7-5&ig_cache_key=MjQzOTcxMTIyNTMwNzg0ODQ0Nw%3D%3D.2-ccb7-5&oh=00_AYAlxtrmYXqr8yfj43pMvJefdM64mN8Rm4dRih1AcOGO_w&oe=6674A1CC&_nc_sid=ee9879,2.44E+18,https://www.instagram.com/visit_uxmal/,2024-06-17T23:06:38.765Z,https://scontent-cdg4-1.cdninstagram.com/o1/v/t16/f1/m84/E84ACBF70704EA947309CE1ECD77F8BF_video_dashinit.mp4?efg=eyJxZV9ncm91cHMiOiJbXCJpZ193ZWJfZGVsaXZlcnlfdnRzX290ZlwiXSIsInZlbmNvZGVfdGFnIjoidnRzX3ZvZF91cmxnZW4uZmVlZC5jMi43MjAuYmFzZWxpbmUifQ&_nc_ht=scontent-cdg4-1.cdninstagram.com&_nc_cat=102&vs=340578811968479_844059595&_nc_vs=HBksFQIYTGlnX2JhY2tmaWxsX3RpbWVsaW5lX3ZvZC9FODRBQ0JGNzA3MDRFQTk0NzMwOUNFMUVDRDc3RjhCRl92aWRlb19kYXNoaW5pdC5tcDQVAALIAQAVAhg6cGFzc3Rocm91Z2hfZXZlcnN0b3JlL0dBOE1aUmNIdW1kbWhKMERBS3JNMVNqcDQ3aHVicGt3QUFBRhUCAsgBACgAGAAbAYgHdXNlX29pbAEwFQAAJuyK3t2lgbg%2FFQIoAkMzLBdAPghysCDEnBgSZGFzaF9iYXNlbGluZV8xX3YxEQB16gcA&ccb=9-4&oh=00_AYBwCZilMST3sLA2dxoE7DWDJGnwgnrNALixfDjL9DJbCQ&oe=667488CD&_nc_sid=ee9879,30.033,,,,,,,,,587,,,,,,,,,,,,,,,,,,,,,,,,,,,,,,,,,,,
https://www.instagram.com/p/CHVXpbFAzTr/,Uxmal en 1939 ?????,2,32,,,2020-11-08T14:55:55.000Z,FALSO,FALSO,Photo,"Photo by Visita Uxmal Yucatán on November 08, 2020.",https://www.instagram.com/visit_uxmal,visit_uxmal,Visita Uxmal Yucatán,https://scontent-cdg4-2.cdninstagram.com/v/t51.29350-15/123844292_813144602811309_6374928514030168587_n.jpg?stp=dst-jpg_e35&efg=eyJ2ZW5jb2RlX3RhZyI6ImltYWdlX3VybGdlbi44MTJ4NDI1LnNkci5mMjkzNTAifQ&_nc_ht=scontent-cdg4-2.cdninstagram.com&_nc_cat=109&_nc_ohc=KMMwXW7gT9cQ7kNvgHv4EsY&edm=ACWDqb8BAAAA&ccb=7-5&ig_cache_key=MjQzNzk1ODc3NDkzNDQxODY2Nw%3D%3D.2-ccb7-5&oh=00_AYBzmUUo0biCXuOkvXaig3eUQHPBD9iyclQq2ZM1V_79ww&oe=66748E9F&_nc_sid=ee9879,2.44E+18,https://www.instagram.com/visit_uxmal/,2024-06-17T23:06:38.765Z,,,,,,,,,,,,,,,,,,,,,,,,,,,,,,,,,,,,,,,,,,,,,,
https://www.instagram.com/p/CGu53iBAFg-/,"Somos tus guías locales en el sur de Yucatán, envíanos DM y pregúntanos, estamos para ayudarte en tu siguiente viaje",9,41,"Zona Arqueológica Uxmal, Yucatan",228912517,2020-10-24T16:24:33.000Z,FALSO,FALSO,Photo,"Photo by Visita Uxmal Yucatán in Zona Arqueológica Uxmal, Yucatan.",https://www.instagram.com/visit_uxmal,visit_uxmal,Visita Uxmal Yucatán,https://scontent-cdg4-1.cdninstagram.com/v/t51.29350-15/122402286_692652914998606_4848556073718880005_n.jpg?stp=dst-jpg_e35&efg=eyJ2ZW5jb2RlX3RhZyI6ImltYWdlX3VybGdlbi4xMDgweDEwODAuc2RyLmYyOTM1MCJ9&_nc_ht=scontent-cdg4-1.cdninstagram.com&_nc_cat=110&_nc_ohc=Caekm9bRtzUQ7kNvgH2IuB5&edm=ACWDqb8BAAAA&ccb=7-5&ig_cache_key=MjQyNzEzMTc1Mzk0NTY1MTI2Mg%3D%3D.2-ccb7-5&oh=00_AYB0X58tjtEfVgiPgVnWddSKF5bxl6MF9_3-v5a1F0bAeg&oe=66747F44&_nc_sid=ee9879,2.43E+18,https://www.instagram.com/visit_uxmal/,2024-06-17T23:06:38.765Z,,,,,,,,,,,,,,,,,,,,,,,,,,,,,,,,,,,,,,,,,,,,,,
https://www.instagram.com/p/CFDeKJ3AFfH/,"¡INFORMACIÓN IMPORTANTE SOBRE LA REAPERTURA DE LA ZONA ARQUEOLÓGICA DE UXMAL!

La reapertura se realizará entre el 14 y 20 de septiembre, ya al tener una fecha establecida se dará a conocer por este medio.

La visita se realizará de lunes a domingo de 8 a 17 h. siendo el último acceso a las 16:00 h. La zona arqueológica únicamente podrá operar al 30% de la capacidad de carga, por lo que al alcanzar la capacidad permitida se restringirá el acceso.

El recorrido está delimitado y no se podrá acceder a todas las estructuras abiertas anteriormente al público, durante el recorrido únicamente se podrán visitar: el Templo del Adivino, el Cuadrángulo de las Monjas, el Juego de Pelota, la Casa de las Tortugas, y el Palacio del Gobernador. Se dispondrá de un tiempo máximo de 2 horas para realizarlo.

El uso de cubrebocas es obligatorio y no se permitirá el acceso sin el uso correcto del mismo. El cubrebocas se utilizará durante todo el recorrido.

No se permitirá el acceso de personas que no aprueben el filtro sanitario. La toma de la temperatura es únicamente en la zona de la frente, por lo que tampoco se podrá ingresar a la zona arqueológica de negarse.

TODAS LAS MEDIDAS SON PARTE DE LA ESTRATEGIA PARA PREVENIR CONTAGIOS DE SARS-COV2 DURANTE LA VISITA, POR LO QUE ES IMPORTANTE SEGUIR LAS INDICACIONES DEL PERSONAL.

¡DISFRUTEMOS EL PATRIMONIO CULTURAL Y CUIDEMOS NUESTRA SALUD!  @yucatanturismo",2,11,"Zona Arqueológica Uxmal, Yucatan",228912517,2020-09-12T23:03:42.000Z,FALSO,VERDADERO,Carousel,,https://www.instagram.com/visit_uxmal,visit_uxmal,Visita Uxmal Yucatán,https://scontent-cdg4-2.cdninstagram.com/v/t51.29350-15/119168505_1186921691677825_8336692882182114654_n.jpg?stp=dst-jpg_e35&_nc_ht=scontent-cdg4-2.cdninstagram.com&_nc_cat=101&_nc_ohc=z66ytxqk3qcQ7kNvgG-02rA&edm=ACWDqb8BAAAA&ccb=7-5&ig_cache_key=MjM5Njg5MjA2MjMzNjE4NTIxMQ%3D%3D.2-ccb7-5&oh=00_AYC0ne1KNF1SMqQfaNRDBVPS-EGx_S5FsVJBZRrLerxFVQ&oe=66767A68&_nc_sid=ee9879,2.40E+18,https://www.instagram.com/visit_uxmal/,2024-06-17T23:06:38.765Z,,,,2,,,,,,,,,,,,,,,,,,,,,,,,,,,,,,,,,,,,,,,,,,
https://www.instagram.com/p/CCEUJT_Ax0L/,#uxmaltravel  #yucatán #uxmalyucatan #uxmalgrid #uxmal2020 #uxmal,2,21,,,2020-06-30T17:21:15.000Z,FALSO,FALSO,Photo,"Photo by Visita Uxmal Yucatán on June 30, 2020.",https://www.instagram.com/visit_uxmal,visit_uxmal,Visita Uxmal Yucatán,https://scontent-cdg4-1.cdninstagram.com/v/t51.29350-15/105991651_144546573884630_5679091561566631840_n.jpg?stp=dst-jpg_e35&efg=eyJ2ZW5jb2RlX3RhZyI6ImltYWdlX3VybGdlbi4xMDgweDEwODAuc2RyLmYyOTM1MCJ9&_nc_ht=scontent-cdg4-1.cdninstagram.com&_nc_cat=102&_nc_ohc=4ez43qo5NXYQ7kNvgGuRljB&edm=ACWDqb8BAAAA&ccb=7-5&ig_cache_key=MjM0MzA4NjMwNzAwMzI3NjU1NQ%3D%3D.2-ccb7-5&oh=00_AYBX9zeMe9bQYAAYeKWyeweBrEOytnPsCT9576vzBJJUqQ&oe=66748231&_nc_sid=ee9879,2.34E+18,https://www.instagram.com/visit_uxmal/,2024-06-17T23:06:38.765Z,,,,,,,,,,,,,,,,,,,,,,,,,,,,,,,,,,,,,,,,,,,,,,
https://www.instagram.com/p/CCEUFUCgXxd/,#uxmaltravel  #yucatán #uxmalyucatan #uxmalgrid #uxmal2020 #uxmal,0,15,,,2020-06-30T17:20:42.000Z,FALSO,FALSO,Photo,"Photo by Visita Uxmal Yucatán on June 30, 2020.",https://www.instagram.com/visit_uxmal,visit_uxmal,Visita Uxmal Yucatán,https://scontent-cdg4-2.cdninstagram.com/v/t51.29350-15/106097155_369717017340033_8803436207695473155_n.jpg?stp=dst-jpg_e35&efg=eyJ2ZW5jb2RlX3RhZyI6ImltYWdlX3VybGdlbi4xMDgweDEwODAuc2RyLmYyOTM1MCJ9&_nc_ht=scontent-cdg4-2.cdninstagram.com&_nc_cat=109&_nc_ohc=MYaC96w0KIUQ7kNvgGWcvFN&edm=ACWDqb8BAAAA&ccb=7-5&ig_cache_key=MjM0MzA4NjAzMjE4Mzk4MzE5Nw%3D%3D.2-ccb7-5&oh=00_AYBGoQp0tGOBMgAo3AHjkD0-dTx6AocpgGNCxIa3aQ-1ng&oe=6674ADEB&_nc_sid=ee9879,2.34E+18,https://www.instagram.com/visit_uxmal/,2024-06-17T23:06:38.765Z,,,,,,,,,,,,,,,,,,,,,,,,,,,,,,,,,,,,,,,,,,,,,,
https://www.instagram.com/p/CCETyd9ADsa/,#uxmaltravel  #yucatán #uxmalyucatan #uxmalgrid #uxmal2020 #uxmal,0,11,,,2020-06-30T17:18:08.000Z,FALSO,FALSO,Photo,"Photo by Visita Uxmal Yucatán on June 30, 2020.",https://www.instagram.com/visit_uxmal,visit_uxmal,Visita Uxmal Yucatán,https://scontent-cdg4-2.cdninstagram.com/v/t51.29350-15/77406167_405775620307800_3242189068285465727_n.jpg?stp=dst-jpg_e35&efg=eyJ2ZW5jb2RlX3RhZyI6ImltYWdlX3VybGdlbi4xMDgweDEwODAuc2RyLmYyOTM1MCJ9&_nc_ht=scontent-cdg4-2.cdninstagram.com&_nc_cat=100&_nc_ohc=bn5eC6HQ8A0Q7kNvgHais94&edm=ACWDqb8BAAAA&ccb=7-5&ig_cache_key=MjM0MzA4NDczNzE1ODk4NjUyMg%3D%3D.2-ccb7-5&oh=00_AYCCtYlqe0wzYxSDzSK6PTlhCdduEZUO8PryN7rwvH-Ibw&oe=6674B0CC&_nc_sid=ee9879,2.34E+18,https://www.instagram.com/visit_uxmal/,2024-06-17T23:06:39.351Z,,,,,,,,,,,,,,,,,,,,,,,,,,,,,,,,,,,,,,,,,,,,,,
https://www.instagram.com/p/CCETtONACWR/,Entra a nuestro feed para ver la foto ?? completa ???#grid  #uxmaltravel  #yucatán #uxmalyucatan #uxmalgrid #uxmal2020 #uxmalruinasmayas  #uxmalruins,0,17,,,2020-06-30T17:17:25.000Z,FALSO,FALSO,Photo,"Photo by Visita Uxmal Yucatán on June 30, 2020.",https://www.instagram.com/visit_uxmal,visit_uxmal,Visita Uxmal Yucatán,https://scontent-cdg4-1.cdninstagram.com/v/t51.29350-15/105962067_498332324295782_4454088737129055058_n.jpg?stp=dst-jpg_e35&efg=eyJ2ZW5jb2RlX3RhZyI6ImltYWdlX3VybGdlbi4xMDgweDEwODAuc2RyLmYyOTM1MCJ9&_nc_ht=scontent-cdg4-1.cdninstagram.com&_nc_cat=102&_nc_ohc=ooZ88KjgOh4Q7kNvgHhqZHK&edm=ACWDqb8BAAAA&ccb=7-5&ig_cache_key=MjM0MzA4NDM3NjY1MDE2MzYwMQ%3D%3D.2-ccb7-5&oh=00_AYCj-JhksyDDLjr2URlkRir7LPYzdJCw2uocCmpnBYMfow&oe=6674B433&_nc_sid=ee9879,2.34E+18,https://www.instagram.com/visit_uxmal/,2024-06-17T23:06:39.351Z,,,,,,,,,,,,,,,,,,,,,,,,,,,,,,,,,,,,,,,,,,,,,,
https://www.instagram.com/p/CCETsDiAjTq/,Entra a nuestro feed para ver la foto ?? completa ???#grid  #uxmaltravel  #yucatán #uxmalyucatan #uxmalgrid #uxmal2020 #uxmalruinasmayas  #uxmalruins,0,31,,,2020-06-30T17:17:16.000Z,FALSO,FALSO,Photo,"Photo by Visita Uxmal Yucatán on June 30, 2020.",https://www.instagram.com/visit_uxmal,visit_uxmal,Visita Uxmal Yucatán,https://scontent-cdg4-1.cdninstagram.com/v/t51.29350-15/106023028_1021683031567976_9055479308071104672_n.jpg?stp=dst-jpg_e35&efg=eyJ2ZW5jb2RlX3RhZyI6ImltYWdlX3VybGdlbi4xMDgweDEwODAuc2RyLmYyOTM1MCJ9&_nc_ht=scontent-cdg4-1.cdninstagram.com&_nc_cat=108&_nc_ohc=3zrKqzH7r50Q7kNvgGVauIv&edm=ACWDqb8BAAAA&ccb=7-5&ig_cache_key=MjM0MzA4NDI5NjQ3MTk4MzMzOA%3D%3D.2-ccb7-5&oh=00_AYAKdA8OAFIJeoWqaJLJQd6p63bTMrvKNArKzQy5ESn6JA&oe=66748906&_nc_sid=ee9879,2.34E+18,https://www.instagram.com/visit_uxmal/,2024-06-17T23:06:39.351Z,,,,,,,,,,,,,,,,,,,,,,,,,,,,,,,,,,,,,,,,,,,,,,
https://www.instagram.com/p/CCETq13g512/,Entra a nuestro feed para ver la foto ?? completa ???#grid  #uxmaltravel  #yucatán #uxmalyucatan #uxmalgrid #uxmal2020 #uxmalmayanruins #uxmalruins,0,33,,,2020-06-30T17:17:06.000Z,FALSO,FALSO,Photo,"Photo by Visita Uxmal Yucatán on June 30, 2020.",https://www.instagram.com/visit_uxmal,visit_uxmal,Visita Uxmal Yucatán,https://scontent-cdg4-3.cdninstagram.com/v/t51.29350-15/73527684_310396766660039_2114257882596862413_n.jpg?stp=dst-jpg_e35&efg=eyJ2ZW5jb2RlX3RhZyI6ImltYWdlX3VybGdlbi4xMDgweDEwODAuc2RyLmYyOTM1MCJ9&_nc_ht=scontent-cdg4-3.cdninstagram.com&_nc_cat=111&_nc_ohc=WgWgH-TnIMIQ7kNvgFU5-pp&edm=ACWDqb8BAAAA&ccb=7-5&ig_cache_key=MjM0MzA4NDIxMzA4MDkyMzUxMA%3D%3D.2-ccb7-5&oh=00_AYAhsDLo1sypJVYzg2CO2E0Z2Ee18gUoJNoZ1_zdS-mNsA&oe=66749B9A&_nc_sid=ee9879,2.34E+18,https://www.instagram.com/visit_uxmal/,2024-06-17T23:06:39.351Z,,,,,,,,,,,,,,,,,,,,,,,,,,,,,,,,,,,,,,,,,,,,,,
https://www.instagram.com/p/CCETo3oAaIw/,Entra a nuestro feed para ver la foto ?? completa ???#grid  #uxmaltravel  #yucatán #uxmalyucatan #uxmalgrid #uxmal2020 #uxmalmayanruins #uxmalruins,0,26,,,2020-06-30T17:16:49.000Z,FALSO,FALSO,Photo,"Photo by Visita Uxmal Yucatán on June 30, 2020.",https://www.instagram.com/visit_uxmal,visit_uxmal,Visita Uxmal Yucatán,https://scontent-cdg4-2.cdninstagram.com/v/t51.29350-15/106023028_145971257066460_947877496042167392_n.jpg?stp=dst-jpg_e35&efg=eyJ2ZW5jb2RlX3RhZyI6ImltYWdlX3VybGdlbi4xMDgweDEwODAuc2RyLmYyOTM1MCJ9&_nc_ht=scontent-cdg4-2.cdninstagram.com&_nc_cat=100&_nc_ohc=pHp7rUa0NyMQ7kNvgH2q6SV&edm=ACWDqb8BAAAA&ccb=7-5&ig_cache_key=MjM0MzA4NDA3NzUyOTI3Njk3Ng%3D%3D.2-ccb7-5&oh=00_AYDZpM9HRo97RQZkJeI80xXfmBRBbQWtR3VvoD7b329t_g&oe=6674A4C6&_nc_sid=ee9879,2.34E+18,https://www.instagram.com/visit_uxmal/,2024-06-17T23:06:39.351Z,,,,,,,,,,,,,,,,,,,,,,,,,,,,,,,,,,,,,,,,,,,,,,
https://www.instagram.com/p/CCETnengJQs/,Entra a nuestro feed para ver la foto ?? completa ???#grid  #uxmaltravel  #yucatán #uxmalyucatan #uxmalgrid #uxmal2020 #uxmalruins,0,11,,,2020-06-30T17:16:38.000Z,FALSO,FALSO,Photo,"Photo by Visita Uxmal Yucatán on June 30, 2020.",https://www.instagram.com/visit_uxmal,visit_uxmal,Visita Uxmal Yucatán,https://scontent-cdg4-2.cdninstagram.com/v/t51.29350-15/106453493_302255017624849_6099427672056323739_n.jpg?stp=dst-jpg_e35&efg=eyJ2ZW5jb2RlX3RhZyI6ImltYWdlX3VybGdlbi4xMDgweDEwODAuc2RyLmYyOTM1MCJ9&_nc_ht=scontent-cdg4-2.cdninstagram.com&_nc_cat=101&_nc_ohc=bv5B8a_7-wkQ7kNvgFg_Ggs&edm=ACWDqb8BAAAA&ccb=7-5&ig_cache_key=MjM0MzA4Mzk4MTk1Nzc5NjkwOA%3D%3D.2-ccb7-5&oh=00_AYApcHF02m3Fk3vlBFfDyuf4enNEU0dbJNYtmOjUZ6ECIw&oe=6674A20B&_nc_sid=ee9879,2.34E+18,https://www.instagram.com/visit_uxmal/,2024-06-17T23:06:39.351Z,,,,,,,,,,,,,,,,,,,,,,,,,,,,,,,,,,,,,,,,,,,,,,
https://www.instagram.com/p/CCETlh1g_Yr/,Entra a nuestro feed para ver la foto ?? completa ???#grid  #uxmaltravel  #yucatán #uxmalyucatan #uxmalgrid #uxmal2020 #uxmal,0,14,,,2020-06-30T17:16:22.000Z,FALSO,FALSO,Photo,"Photo by Visita Uxmal Yucatán on June 30, 2020.",https://www.instagram.com/visit_uxmal,visit_uxmal,Visita Uxmal Yucatán,https://scontent-cdg4-2.cdninstagram.com/v/t51.29350-15/106206828_177354750491259_6102819893033221908_n.jpg?stp=dst-jpg_e35&efg=eyJ2ZW5jb2RlX3RhZyI6ImltYWdlX3VybGdlbi4xMDgweDEwODAuc2RyLmYyOTM1MCJ9&_nc_ht=scontent-cdg4-2.cdninstagram.com&_nc_cat=103&_nc_ohc=2IFGFjh0HIUQ7kNvgEozPRg&edm=ACWDqb8BAAAA&ccb=7-5&ig_cache_key=MjM0MzA4Mzg0Nzk3NTE3MTYyNw%3D%3D.2-ccb7-5&oh=00_AYAGDVJExnYqkPkUEfMKcpwDOMdOmZ_ntar2y_oNh9Ajqw&oe=66748F86&_nc_sid=ee9879,2.34E+18,https://www.instagram.com/visit_uxmal/,2024-06-17T23:06:39.351Z,,,,,,,,,,,,,,,,,,,,,,,,,,,,,,,,,,,,,,,,,,,,,,
https://www.instagram.com/p/CCBlcLugrTu/,"Ya planeaste tu visita a Uxmal ??? Después de la contingencia sanitaria te invitamos a que nos visites, la z.a de Uxmal es bastante amplia y tiene espacio suficiente para atender a las personas con su respectiva sana distancia... Cuídate y cuidamos.  Les esperamos pronto en la ciudad tres veces construida. #uxmal #vist_uxmal #uxmalyucatan #visityucatan #yucatan",7,75,"Zona Arqueológica Uxmal, Yucatan",228912517,2020-06-29T15:54:39.000Z,FALSO,FALSO,Photo,"Photo by Visita Uxmal Yucatán in Zona Arqueológica Uxmal, Yucatan.",https://www.instagram.com/visit_uxmal,visit_uxmal,Visita Uxmal Yucatán,https://scontent-cdg4-1.cdninstagram.com/v/t51.29350-15/105963290_176795923806202_4594084342236190238_n.jpg?stp=dst-jpg_e35&efg=eyJ2ZW5jb2RlX3RhZyI6ImltYWdlX3VybGdlbi4xMDgweDEzNTAuc2RyLmYyOTM1MCJ9&_nc_ht=scontent-cdg4-1.cdninstagram.com&_nc_cat=110&_nc_ohc=Fm1N_M55NicQ7kNvgECIJ61&edm=ACWDqb8BAAAA&ccb=7-5&ig_cache_key=MjM0MjMxNzk0NTY2NzEwNjAzMA%3D%3D.2-ccb7-5&oh=00_AYB6_qMgBA9rpkIfuocSbvHBL6dlZwkK0neDHGtr_haQZQ&oe=6674809A&_nc_sid=ee9879,2.34E+18,https://www.instagram.com/visit_uxmal/,2024-06-17T23:06:39.351Z,,,,,,,,,,,,,,,,,,,,,,,,,,,,,,,,,,,,,,,,,,,,,,
https://www.instagram.com/p/CB8rDiNgf4D/,"Hacia el sureste del Cementerio y suroeste del Gobernador, se puede ver la simbólica crestería del Palomar, que corresponde al período Puuc Tardío de Uxmal. Es única en su tipo y precisamente por su forma recuerda al término Puuc.

La construcción, que debió ser en realidad un conjunto residencial, incluye un templo cuyo techo se ha hundido, en el extremo poniente del conjunto, y u8na alta pirámide con santuario en la cúspide.

En el lado sur corre una crestería semiderruida y con agujeros, constituida por nueve secciones triangulares, con calado como nichos, de bordes escalonados, a la que el explorador Stephens bautizó como “casa de los palomos”, por la hilera de unas 40 pequeñas ventanas que la presiden. El techo se ha desplomado y deja ver, desde arriba, las paredes de varias habitaciones enfiladas, semejantes a celdas.
#uxmal #rutapuucyucatan #uxmalruins #visit_uxmal #visituxmal #visityucatan #visityucatán",0,41,,,2020-06-27T18:07:31.000Z,FALSO,FALSO,Photo,"Photo by Visita Uxmal Yucatán on June 27, 2020.",https://www.instagram.com/visit_uxmal,visit_uxmal,Visita Uxmal Yucatán,https://scontent-cdg4-2.cdninstagram.com/v/t51.29350-15/105941670_1218458188527111_2472328636774105798_n.jpg?stp=dst-jpg_e15&efg=eyJ2ZW5jb2RlX3RhZyI6ImltYWdlX3VybGdlbi4xMDgweDgxMC5zZHIuZjI5MzUwIn0&_nc_ht=scontent-cdg4-2.cdninstagram.com&_nc_cat=103&_nc_ohc=sx9Y5T9kUKAQ7kNvgGBRnC8&edm=ACWDqb8BAAAA&ccb=7-5&ig_cache_key=MjM0MDkzNTI2NTIxODA2Nzk3MQ%3D%3D.2-ccb7-5&oh=00_AYB4e3YVHFtvDZN9YgIZp2FLCUjx9bfKrL5Jpv3HSXeWew&oe=6674AD96&_nc_sid=ee9879,2.34E+18,https://www.instagram.com/visit_uxmal/,2024-06-17T23:06:39.351Z,,,,,,,,,,,,,,,,,,,,,,,,,,,,,,,,,,,,,,,,,,,,,,
https://www.instagram.com/p/CB6T-_pAzd5/,Uxmal.. alguna vez pasaste por aquí?? @planetariomaya,0,24,,,2020-06-26T20:07:26.000Z,FALSO,FALSO,Photo,"Photo by Visita Uxmal Yucatán on June 26, 2020.",https://www.instagram.com/visit_uxmal,visit_uxmal,Visita Uxmal Yucatán,https://scontent-cdg4-2.cdninstagram.com/v/t51.29350-15/106057456_2500155113629335_5621476344878169804_n.jpg?stp=dst-jpg_e35&efg=eyJ2ZW5jb2RlX3RhZyI6ImltYWdlX3VybGdlbi4xMDgweDgxMC5zZHIuZjI5MzUwIn0&_nc_ht=scontent-cdg4-2.cdninstagram.com&_nc_cat=103&_nc_ohc=JWQF0lKzpFYQ7kNvgGdB9Xj&edm=ACWDqb8BAAAA&ccb=7-5&ig_cache_key=MjM0MDI3MDg0ODE5NzQ3NDE2OQ%3D%3D.2-ccb7-5&oh=00_AYDhIIzIhUJqyz4wclhFbD-R9KXxrUGrvnBm8IXuwPaoLA&oe=66748A8E&_nc_sid=ee9879,2.34E+18,https://www.instagram.com/visit_uxmal/,2024-06-17T23:06:39.351Z,,,,,,,,,,,,,,,,,,,,,,,,,,,,,,,,,,,,,,,,,,,,,,
https://www.instagram.com/p/CBygEpaA4P_/,"wow. recordar es volver a vivir, te gustaría una foto como esta?? justo nos encontramos en la parte superior de la plataforma del palacio del gobernador, justo ahora se encuentra en proceso de restauración.. ya conoces el nuevo pasadizo encontrado ??? #uxmal #maya #palaciodelgobernador #visit_uxmal",0,30,,,2020-06-23T19:19:09.000Z,FALSO,FALSO,Photo,"Photo shared by Visita Uxmal Yucatán on June 23, 2020 tagging @aadrianvalencia, and @jose_martin1995.",https://www.instagram.com/visit_uxmal,visit_uxmal,Visita Uxmal Yucatán,https://scontent-cdg4-1.cdninstagram.com/v/t51.2885-15/105956674_150300266590781_3733761099369984677_n.jpg?stp=dst-jpg_e15&efg=eyJ2ZW5jb2RlX3RhZyI6ImltYWdlX3VybGdlbi4xMDgweDgxMC5zZHIuZjI4ODUifQ&_nc_ht=scontent-cdg4-1.cdninstagram.com&_nc_cat=105&_nc_ohc=n2w53aeHuKwQ7kNvgFuklW9&edm=ACWDqb8BAAAA&ccb=7-5&ig_cache_key=MjMzODA3MjIxMzM4NDgyMzgwNw%3D%3D.2-ccb7-5&oh=00_AYC4o3HAqEJibEqZOP47GPelCc9m47HMYJbCaX08O0Ckfg&oe=6674AA2F&_nc_sid=ee9879,2.34E+18,https://www.instagram.com/visit_uxmal/,2024-06-17T23:06:39.351Z,,,,,Adrian Valencia,aadrianvalencia,Jose  Martin / viajero ?? ??,jose_martin1995,,,,,,,,,,,,,,,,,,,,,,,,,,,,,,,,,,,,,,
https://www.instagram.com/p/CByTxPZAbZM/,¿Que te parece pasar una tarde con tu familia o pareja dentro de esta hermosa ciudad maya?? Cuéntanos si tienes planeado visitarnos después de la contingencia .,2,38,"Zona Arqueológica Uxmal, Yucatan",228912517,2020-06-23T17:31:38.000Z,FALSO,FALSO,Photo,"Photo by Visita Uxmal Yucatán in Zona Arqueológica Uxmal, Yucatan.",https://www.instagram.com/visit_uxmal,visit_uxmal,Visita Uxmal Yucatán,https://scontent-cdg4-3.cdninstagram.com/v/t51.2885-15/104616931_109132194081232_9000211922653648729_n.jpg?stp=dst-jpg_e35&efg=eyJ2ZW5jb2RlX3RhZyI6ImltYWdlX3VybGdlbi4xMDgweDYzMC5zZHIuZjI4ODUifQ&_nc_ht=scontent-cdg4-3.cdninstagram.com&_nc_cat=104&_nc_ohc=MULEiqZWDMQQ7kNvgHGvbMg&edm=ACWDqb8BAAAA&ccb=7-5&ig_cache_key=MjMzODAxODEwMzIyMjQ0OTc0MA%3D%3D.2-ccb7-5&oh=00_AYAvaF7tTz2qfeON1qR8C3tV_heUr66sYN7c_jGCchI-xw&oe=66749FF3&_nc_sid=ee9879,2.34E+18,https://www.instagram.com/visit_uxmal/,2024-06-17T23:06:39.351Z,,,,,,,,,,,,,,,,,,,,,,,,,,,,,,,,,,,,,,,,,,,,,,
https://www.instagram.com/p/CBjUoReA1NR/,"Si no me equivoco está esquina de la antigua Carr Mérida - Campeche fue una de las más concurridas,  paradero de autobuses en Uxmal. Hoy se observa vacío. Esperemos pronto volver a verlo lleno de viajeros ?? ?????? #uxmal #uxmal2020 #yucatán #visituxmal",0,26,"Zona Arqueológica Uxmal, Yucatan",228912517,2020-06-17T21:50:33.000Z,FALSO,FALSO,Photo,"Photo by Visita Uxmal Yucatán in Zona Arqueológica Uxmal, Yucatan.",https://www.instagram.com/visit_uxmal,visit_uxmal,Visita Uxmal Yucatán,https://scontent-cdg4-3.cdninstagram.com/v/t51.29350-15/103834578_3653878391305960_1720088215161232955_n.jpg?stp=dst-jpg_e35&efg=eyJ2ZW5jb2RlX3RhZyI6ImltYWdlX3VybGdlbi4xMDgweDEwODAuc2RyLmYyOTM1MCJ9&_nc_ht=scontent-cdg4-3.cdninstagram.com&_nc_cat=104&_nc_ohc=pqWSbSp20ekQ7kNvgH6np7w&edm=ACWDqb8BAAAA&ccb=7-5&ig_cache_key=MjMzMzc5OTc2MDM3NDQ4NTg0MQ%3D%3D.2-ccb7-5&oh=00_AYAVyczMApQgoTBnjzArhW3sM2xmNXDZ2j_vKBFMiotVeg&oe=66749CD5&_nc_sid=ee9879,2.33E+18,https://www.instagram.com/visit_uxmal/,2024-06-17T23:06:39.707Z,,,,,,,,,,,,,,,,,,,,,,,,,,,,,,,,,,,,,,,,,,,,,,
https://www.instagram.com/p/CBLvFVOpJWr/,"Pasó el tiempo y la vieja mandó al Enano a la Casa del Gobernador de Uxmal a proponerle una competencia.

A pesar del temor que sentía el hijo, la insistencia de su madre fue tal que no tuvo más remedio. “Te voy a retar a tres pruebas,” le dijo el Gobernante, “la primera: construye un camino blanco, largo, y recto.” El Enano regresó corriendo a su casa llorando y pidiendo ayuda, su madre le aconsejó: “regresa y pide al Gobernador que ponga la primera piedra en el camino, y verás lo que pasa.” Y así lo hizo, el Gobernador puso la pesada piedra con mucho esfuerzo, y otro tanto hizo el Enano cuando llegó su turno. Asistido por los poderes mágicos de la vieja, el enano pudo completar el sacbé fácilmente, conectando la ciudad de Uxmal con la ciudad de Kabah.

El Gobernador, furioso con el Enano, le dio un segundo reto: “esta noche debes levantar una casa más alta que ninguna otra del lugar; si no está terminada al amanecer, morirás.” El enano regresó nuevamente a su casa llorando, pero su madre lo consoló y lo puso a dormir.

Al día siguiente el Enano despertó acostado sobre la pirámide más grande de del lugar, al ver la bella y alta estructura. El Gobernador, aún más furioso, hizo llamar al Enano para darle el tercer reto, “ve por tres cocoyoles,” le ordenó el Gobernador, “nos golpearemos con esas duras semillas hasta que uno de nosotros triunfe.” El Enano corrió a su casa y pidió ayuda a su mamá, quien le frotó una tortillita de maíz sobre la cabeza. Cuando regresó el Enano a ver al Gobernador empezaron a golpearse, el Gobernador rompió los tres cocoyoles en contra de la cabeza del Enano sin hacerle daño y, temeroso, pensó arrepentirse pero no pudo ya que todos sus súbditos lo miraban; no pudo más que someterse al turno del Enano.

Con mucha fuerza, el Enano rompió uno y dos cocoyoles en contra de la cabeza del Gobernador, y con el tercero finalmente lo mató. Todos lo declararon vencedor, y el Enano se convirtió en gobernante del lugar. #uxmal #visituxmal #uxmaltravel #yucatan",0,29,,,2020-06-08T17:59:56.000Z,FALSO,FALSO,Photo,"Photo by Visita Uxmal Yucatán on June 08, 2020.",https://www.instagram.com/visit_uxmal,visit_uxmal,Visita Uxmal Yucatán,https://scontent-cdg4-1.cdninstagram.com/v/t51.2885-15/102530578_152074456432850_4671232901877718016_n.jpg?stp=dst-jpg_e35&efg=eyJ2ZW5jb2RlX3RhZyI6ImltYWdlX3VybGdlbi4xMDgweDEwODAuc2RyLmYyODg1In0&_nc_ht=scontent-cdg4-1.cdninstagram.com&_nc_cat=102&_nc_ohc=a3GjG3ScEAAQ7kNvgHo0WVK&edm=ACWDqb8BAAAA&ccb=7-5&ig_cache_key=MjMyNzE2MDcwNzA0NDY0NDI2Nw%3D%3D.2-ccb7-5&oh=00_AYCQAJIDPCozX1d7IXnH1aX7G5jmKAmPyESLtgqWF2FeiA&oe=66749A2D&_nc_sid=ee9879,2.33E+18,https://www.instagram.com/visit_uxmal/,2024-06-17T23:06:39.707Z,,,,,,,,,,,,,,,,,,,,,,,,,,,,,,,,,,,,,,,,,,,,,,
https://www.instagram.com/p/CBJLilspEK4/,"Uxmal, la tres veces construida.. pertenece al grupo de zonas arqueológicas llamada la Ruta puuc.. esto es por qué se encuentran localizadas sobre cerros.. visita Uxmal después de esta contingencia.. probablemente se habrá al público a inicios del mes de agosto.. estaremos compartiendo las actualizaciones de reapertura post covid 19",12,67,"Zona Arqueológica Uxmal, Yucatan",228912517,2020-06-07T18:10:52.000Z,FALSO,FALSO,Photo,"Photo by Visita Uxmal Yucatán in Zona Arqueológica Uxmal, Yucatan.",https://www.instagram.com/visit_uxmal,visit_uxmal,Visita Uxmal Yucatán,https://scontent-cdg4-2.cdninstagram.com/v/t51.2885-15/102410301_310262653329921_6538869000879180206_n.jpg?stp=dst-jpg_e35&efg=eyJ2ZW5jb2RlX3RhZyI6ImltYWdlX3VybGdlbi4xMDgweDEwODAuc2RyLmYyODg1In0&_nc_ht=scontent-cdg4-2.cdninstagram.com&_nc_cat=109&_nc_ohc=jFh_A1PDB2oQ7kNvgEVCcbQ&edm=ACWDqb8BAAAA&ccb=7-5&ig_cache_key=MjMyNjQ0MTQzNzk2NDgxMjk4NA%3D%3D.2-ccb7-5&oh=00_AYBlz011XGVFNnjuxd0U3HNYMibVaJZKj2BayifCaQN2ZQ&oe=66748629&_nc_sid=ee9879,2.33E+18,https://www.instagram.com/visit_uxmal/,2024-06-17T23:06:39.707Z,,,,,,,,,,,,,,,,,,,,,,,,,,,,,,,,,,,,,,,,,,,,,,
