indice,clip_original,clip_procesado,clip_longitud_original,clip_longitud_procesada,instagram_original,instagram_procesado,instagram_longitud_original,instagram_longitud_procesada,instagram_hashtags,instagram_hashtags_procesados,instagram_menciones,instagram_emojis
0,"the ruins of chichena, maya temples, beautiful ancient ruins behind, white stone temple ruins, ancient ruins behind, ancient temple ruins, ancient city ruins, ancient ruins in the background, mayan, ruins in the background, standing before ancient ruins, ruins on the background, temple ruins, ancient ruins and waterfalls, ancient ruins behind her, archeological discover, large temples",ruina chichena templo maya hermosa ruin antiguo ruina templo piedra blanco ruina antiguo antiguo ruina templo antiguo ruina ciudad antiguo ruin fondo mayas ruina fondo pie antigua ruin ruina ruina templo ruina antiguo ruina cascada antiguo ruin descubrimiento arqueológico temperatura temperatura templo ruin ruina templo antiguo ruina cascada antiguo ruin descubrimiento arqueológico temperatura temperatura templo ruin ruina templo antiguo ruina cascada antiguo ruin descubrimiento arqueológico templo temperatura ruin templo ruina antiguo ruina cascada antiguo ruin,387,568,"La casa real sueca comparte esta bella imagen de los reyes, Carlos XVI Gustavo y Silvia, desde #Uxmal, para dar por terminada su visita oficial a nuestro país ???? ¡Qué guapos! ????????????

#VanidadesMx ?? @kungahuset",casa real sueca comarte bella imagen reyes carlos xvi gustavo silvia terminada visita oficial país guapos uxmal vanidad,218,119,"['Uxmal', 'VanidadesMx']","['uxmal', 'vanidad']",['kungahuset'],[]
1,"a man in a ham ham ham ham ham ham ham ham ham ham ham ham ham ham ham ham ham, yutja, ancient pyramid, victo nga, foto realista, pyramid in background, remedios varo uranga, travel ad, by Sergio LarraÃ­n, lost world pyramid, pyramid, real vintage photo, ancient megastructure pyramid",hombre ham ham ham ham ham ham ham ham ham ham ham ham ham ham ham ham ham yutja ancient pyramid victo nga realista pirámidir fondo remedios varo uranga viajes sergio larraín pyramid world lost pyramid real vintage ancient megestructure pyramid,284,244,"EXCAVACIONES ARQUEOLÓGICAS UXMAL??
Develando las Maravillas del México Antiguo.
¬¬¬¬¬¬¬¬¬¬¬¬¬¬¬¬¬¬¬¬¬¬
Yucatán, Mx.

Al sur de Yucatán emerge con espectacularidad la zona arqueológica de Uxmal, declarada por la UNESCO Patrimonio de la Humanidad.

Se trata de una de las zonas arqueológicas de la cultura maya cuya arquitectura es de las más majestuosas de Yucatán. Su belleza se caracteriza por tener palacios bajos y horizontales, colocados alrededor de patios o cuadrángulos, los cuales son ricos en decorados de esculturas muy detalladas elaborados con miles de pequeñas piedras perfectamente pulidas y ajustadas formando mosaicos geométricos de una perfección no igualada en toda la zona maya.

Se dice que la ciudad de Uxmal fue fundada por la tribu de los Xiues. La ocupación del sitio se remonta al Preclásico superior a.C., sin embargo el mayor volumen de la obra constructiva se realiza durante el Clásico Tardío (600- 1000 d.C.). Tuvo una población de 20,000 habitantes aproximadamente.

¬¬¬¬¬¬¬¬¬¬¬¬¬¬¬¬¬¬¬¬¬¬¬
""Nuestro pasado prehispánico más vivo que nunca""
¬¬¬¬¬¬¬¬¬¬¬¬¬¬¬¬¬¬¬¬¬¬¬
Sigan  Maravillas del México Antiguo / ADV Estudio",excavación arqueológico uxmal develar maravilla mexo antiguo yucatán sur yucatán emerger epectacularidad zona arqueológico uxmal declararado unesco patrimonio zona arqueológico cultura maya cuyo arquitectura máso majestuoso yucatán belleza caracterizar palacio bajos horizontal colocados alrededo patio cuadrángulo ricos decorado escama escama elaborado elaborado milla piqueña piedras perfectamament pulidas ajustadas masacos milla perfección igualada zona ciudad uxmal fundada tribu xiues ocupacia sitio remontar preclásico superior alcalde alcalde obra constructivo realizar clásico tardío poblacia habitante hábitant prehispánico vivo sigan maravillas méxico antiguo adv estudio,1145,682,[],[],[],[]
2,"a large stone building, taken on a 1960s kodak camera, taken on 1970s kodak camera, screenshot of found footage, color film still 1 9 7 7, levitating citadel, vhs footage still, screenshot from the 1983 film, 8 mm film still, still from a music video, ruins in the background",edificio piedra tomado cámara kodak década tomado cámara kodak años captura pantalla imagen encontrado película levitar ciudadela metraje vhs captura pantalla película musical ruina fondo fondo,275,193,Inauguración del parque hundido del palomar ?? Uxmal,inauguracia parque hundido palomar uxmal,52,40,[],[],[],[]
3,"a group of people standing around a motorcycle, one motorbike in center of frame, auction catalogue photo, old photo from the 1930s, museum catalog photograph, ebay photo, 1970s philippines, motorcycles, museum archival photo, 1948, without helmet, 1961â, 1947, 1 9 4 7",grupo persona encontrar motocicleta moto centro marco catálogo subasta antiguo década fotografía catálogo museo ebay filipinas años motocicleta archivo museo casco,271,163,,,0,0,[],[],[],[]
4,"a black and white photo of a dirt road, tribe huts in the jungle, mud and brick houses, 1970s photo, 1 9 7 0 s photo, 1970s, 1 9 7 0 s, c1976, las pozas, colombia en los aÃ±os 60, 1970s philippines",blanco negro camino tierra tribe huts the jungle mud and brick houses pozas colombia años filipinas,197,99,"El imperio de Uxmal, Yucatán ??

Foto:@robertoestrada",imperio uxmal yucatán,53,21,[],[],['robertoestrada'],[]
5,"a building with a projection projected on it, projection design installation, colorful detailed projections, projection mapping, colored projections, colorful projections, walls of large moving images, digital walls, digital screens on the walls, mexican muralism ) ravi supa, palace background, wall darkness, a gigantic wall, wall, giant led screens, freddy mamani silvestre facade",edificio proyección proyectado instalación diseño proyección colorida proyección detallado mapeo proyección proyección proyección colorida pared imagen movimiento pared digital pantalla digital pared muralismo mexicano ravi supa fondo palacio oscuridad pared pared gigánico pared pantalla gigante lidera pantalla franja silvestre freddy mamani silvestre facade fondo pared pared pared gigánico pared pantalla gigante pantalla led freddy mamani silvestre facade fackedes,383,469,"Uxmal Mérida, Yucatán. Uxmal alcanzó su apogeo entre los siglos VII y X. Más tarde, a principios del II milenio, fue abandonada. La cd. está orientada según ciertos fenómenos astronómicos (como el movimiento de Venus) y adaptada a un terreno ondulado. El estilo constructivo de la ruta constituye toda una escuela arquitectónica dentro del arte maya y para muchos es el más sofisticado. La decoración es aquí especialmente rica y nos habla tanto de la importancia de estos poblados, como de la elaborada cosmogonía maya.",uxmal mérida yucatán uxmal alcanzar apogeo siglos vii principios milenio abandonada orientada fenómenos astronómicos movimento venus adaptada terreno ondulado estilo constructivo ruta constituye escuela arquitectónica arte maya sofisticado decoración especialmental rica importancia poblados elaborado cosmogonía maya,520,317,[],[],[],[]
6,"a car is parked in front of a large arch, imet2020, in a race competition, cinematographic wide angle shot, sun shines down on the car, cars and people, perseides meteor shower, coban, dakar rally footage, city of armenia quindio, renault ultimo, mexico, full view of a car, race",automóvil estacionado frente arco competencia racial disparo cinematográfico angular sol brilla automóvil auto persona ducha meteorito persecución metraje rally dakar ciudad armenia quindio renault méxico vista completo automóvil carrera carrera carrera,279,253,Uxmal 1929 fotografía del archivo personal de Miguel Quintal de #Muna ??,uxmal fotografía archivo personal miguel quintal muna,72,53,['Muna'],['muna'],[],[]
7,"the ruins at tupi, maya temples, angkor wat, angkor thon, angkor, large temples, ancient city, ancient indonesia, ancient temple, temple run, mayan temple in the jungle, at an ancient city, ancient temple ruins, mysterious temple setting, sacred ancient architecture, white stone temple ruins, temples, temple background, ancient city of white stone",ruina tupi maya templos angkor wat angkor thon angkor templo ciudad antiguo antiguo indonesia templo antiguo templo run templo mayano jungla ciudad antiguo ruisa templo antiguo misterioso templo arquitectura sagrada antiguo arquitectura ruina templo piedra blanco templo templo fondo antiguo templo templo piedra blanco,349,319,"El Poderoso Adivino, Uxmal. ?
2023
instagram.com/oswaldomatu

@oswaldomatu",poderoso adivino uxmal oswaldomatu,74,34,[],[],['oswaldomatu'],[]
8,"the ruins of the ancient city of ang ang ang ang ang ang ang ang ang ang ang ang ang ang, maya temples, mayan temple in the jungle, ruined temple covered with moss, huge old ruins, beautiful ancient ruins behind, ancient alien jungle, ancient ruins in the forest, huge giant old ruins, post apocalyptic ancient ruins, ancient city ruins, nature taking over",ruina antiguo ciudad ang ang ang ang ang ang ang ang ang ang ang ang templo maya templo maya jungla templo ruina cubierto musgo enorme ruina antiguo hermosa ruin antiguo antiguo junglo alien,356,190,Muna Yucatán,muna yucatán,12,12,[],[],[],[]
9,"a plane flying in the sky, vibrant blue sky background, blue sky background, light blue sky, clean blue sky, pure blue sky, light blue clear sky, sky blue, solid blue background, blue and clear sky, clear summer sky background, blue clear sky, azure blue sky, azure sky tones, blue backdrop. hd, blue clear skies, clear blue sky",avión volar cielo fondo vibrante cielo azul fondo cielo azul cielo azul cielo azul limpio cielo azul puro cielo azul cielo azul fondo azul sólido cielo azul cielo transparente fondo cielo verano cielo azul cielo azul azul cielo azul tono azul fondo azul cielo azul azul cielo azul,328,280,"Circa 1900. Un lugareño observa con detenimiento la grandeza del Cuadrángulo de las Monjas de Uxmal, cuando literalmente se encontraba en ruinas. La vista es de Oriente a Poniente, desde una de las puertas colapsadas, cuyas vigas de madera que le daban soporte, sucumbieron con el tiempo o fueron robadas.
* * Fotografía reciente del lugar en los comentarios.

Fotografía original en blanco y negro editada, restaurada y coloreada digitalmente por @yucatanpasadoglorioso",lugareño observa detenimiento grandeza cuadrángulo monjas uxmal literal enredanans ruinas vista oriente poniente puertas colapsadas cuyas vigas madera dar soporte sucumbieron tiempo robadas fotografía recente lugar comentarios,470,226,[],[],['yucatanpasadoglorioso'],[]
10,"the ruins of the maya maya maya maya maya maya maya maya maya maya maya maya maya maya maya maya maya, maya temples, ancient ruins in the forest, ancient ruins behind, beautiful ancient ruins behind, jungle background with ruins, ruined temple covered with moss, huge old ruins, ancient city ruins, epic vista of old ruins, mayan temple in the jungle, abandoned ruins landscape",ruina maya maya maya maya maya maya maya maya maya maya maya maya maya maya maya maya templo maya ruina antiguo bosque ruina antiguo hermosa ruin antiguo fondo jungla ruina templo ruidoso cubierto musgo ruina antiguo ruina ciudad visto épica viejo ruina mayor mayor ruina cubierto ruina ruina enorme ruina antiguo visto épica vieja ruin mayor mayor ruina cubierto ruido abundante ruina ruina antiguo ruin visto épica antigua ruin mayor mayor jungle jungle abastecido jungle selva ruina ruina antiguo ruina antiguo ruina viejo ruina selva paisaje,377,545,"THE UXMAL ADVENTURE ??
.
.
.
#travel #photography #photooftheday #artist #cool #friends #yucatan #igers #art #travelphotography #",aventura uxmal travel photography photooftheday artist cool friends yucatar iger art travelphotography,129,102,"['travel', 'photography', 'photooftheday', 'artist', 'cool', 'friends', 'yucatan', 'igers', 'art', 'travelphotography']","['travel', 'photography', 'photooftheday', 'artist', 'cool', 'friends', 'yucatar', 'iger', 'art', 'travelphotography']",[],[]
11,"a large elephant standing in the middle of a forest, lush forest foliage, elf forest background, green trees, trees in the grassy hills, green flora forest, deforested forest background, dense with greenery, forested background, background lush vegetation, dense forest, dense vegetation, lush vegetation in the center, lush green forest, the treetops of giant oaks",elefante bosque exuberante follaje bosque fondo bosque elfo árbol verde árbol colina cubierto hierba bosque flora verde fondo bosque deforestado denso vegetación fondo boscoso vegetación exuberante bosque denso vegetación denso vegetación exuberante centro bosque verde bosque gigante gigante gigante gigante,365,308,"México sorprendente, échenle un vistazo a la maravillosa #zonaarqueologicauxmal un lugar lleno de misticismo e historia. Lo encuentras a una hora de #meridayucatan. Si vas a este increíble lugar te recomiendo zapato cómodo, bloqueador,sombrero o gorra y mucha actitud para caminar por este bello lugar. 
?? @paco_jsj 
?? @visit_uxmal",méxico sorprendente échenle vistazo maravillosa lugar lleno misticismo historia encuentra hora vas increíble lugar recomiendo zapato cómodo bloqueador sombrero gorra actitud caminar bello lugar zonaarqueologicauxmal meridayucatar,333,229,"['zonaarqueologicauxmal', 'meridayucatan']","['zonaarqueologicauxmal', 'meridayucatar']","['paco_jsj', 'visit_uxmal']",[]
12,"a building with a lot of grass on top, matte painting finish, aqueducts, high quality matte painting, matte painting unreal engine, panoramic photography, 3d rendered matte painting, abandoned ruins landscape, attack on titan scenery, photorealistic matte painting, cgsociety 9, flat matte painting, auschwitz camp, highly detailed matte painting, organic matte painting, matte painting",building with lot grass top mattir painting finish aqueducts high quality matte painting matte painting unreal engine panoramic photography rendered matte painting abandoned ruins landscape attack titar scenery photorealistic matte painting cgsociety flat matte painting auschwitz camp highly detailed matte painting organic matte pintura pintura mate,386,351,"Visita Muna y descubre los detalles que estas letras turísticas tienen para tí.  Ubicado a 16 km de Uxmal, sobre la carretera Mérida - Uxmal

¡Letras pintadas a mano ? - por artistas locales!",visitar muna descubre detless letras turíssticas ubicado uxmal carretera mérida pintado mano local artista,191,106,[],[],[],[]
13,"a large pile of rubble next to a building, ancient megastructure pyramid, tenochtitlan, las pozas, staggered terraces, ancient pyramid, 1 9 7 5 photo, 1 9 7 0 s photo, 1970s photo, brutalist aztec architecture, maya temples, pyramid, terraces, lost world pyramid, c1970",pila escombro edificio pirámidir megaestructura antiguo tenochtitlar plas terraza escalonada pirámidir antiguo arquitectura azteca brutalista templo maya pirámidir terraza piramida mundial perdido,269,196,Inhala & exhala ???????y comienza tu semana!!! Hoy una postal de la increíble zona arqueológica de #uxmal,inhala exhalar comenzar semana postal increíble zona arqueológico uxmal,105,71,['uxmal'],['uxmal'],[],[]
14,"a black and white photo of a hill, ancient pyramid, pyramid, maya temples, tikal temple iv, pyramid surrounded with greenery, ancient megastructure pyramid, mayan temple in the jungle, pyramid ruins at sundown, ziggurat, tenochtitlan, pyramid portal, lost world pyramid, museum catalog photograph, mayan, giant tomb structures, temple of the sun",blanco negro colina pirámidir antiguo pirámidir templo maya templo tikal pirámidir rodeado vegetación antiguo pirámidir megaestructura templo maya junglo ruina pirámidir sol zigurat tenochtitlar portal pirámid,345,209,Algunas notas de prensa de la visita de Jacqueline Kennedy a Uxmal en marzo de 1968.,nemas prensa visita jacqueline kennedy uxmal marzo,84,50,[],[],[],[]
15,"a black and white photo of a building with people, brutalist aztec architecture, tenochtitlan, 1920s archeologically photo, aztec architecture, crumbling masonry, el anatsui, foto realista, building crumbling, las pozas, remedios varo uranga, monumental giant palace, mayan style, submerged pre - incan temple",blanco negro edificio gente arquitectura azteca brutalista tenochtitlar arqueológico arquitectura azteca mampostería desmoronado anatsui realista construcción construcción poza remedio varo uranga palacio gigante monumental estilo maya estilo maya sumergido pre,309,261,"Uxmal. Zona Puuc. Yucatán, México.

La Pirámide del Adivino, también llamada del hechicero, del enano o del gran Chilán. Construcción maya de 35 metros de altura, con una base de 53,5 metros en el lado mayor.

La leyenda

Según relató el investigador estadounidense John Lloyd Stephens en sus Incidentes de viaje a principios del año 1840, cuenta la leyenda que este edificio fue construido en una sola noche por un enano, nacido de un huevo encontrado por una bruja cerca de Uxmal. El niño nació con la capacidad de adivinar el futuro, por lo que fue llamado el adivino.

Un día, el enano descubrió un tunkul (instrumento de percusión de madera) y se puso a tocarlo. De acuerdo con las profecías, era sabido que cuando alguien tocase ese instrumento y su sonido repercutiera en toda la región, obtendría el trono de la ciudad, de modo que cuando fue escuchado por el rey de Uxmal, éste identificó el sonido como el anuncio del fin de su reinado.

Dispuesto a enfrentarse a su destino, el rey llamó al enano para someterlo a varias pruebas difíciles que el joven aprobó con éxito. Finalmente, sobrevivió a la más difícil: romper sobre su cabeza, con un mazo de piedra, una cesta de cocoyoles (una especie de frutos muy duros). El soberano se sometió en castigo a la misma prueba, y murió en el acto después del primer golpe. Así comenzó en Uxmal el reinado del enano adivino.",uxmal zona puuc yucatán pirámide adivino llamada hechicero enano chilán construcción maya metro alta base metro leyendasegúnn relató investigador estadounidense john lloyd stephens incidente viaje año leyenda edicio fuer enano nacido huevo encontrado bruja cerca uxmal niño nacer capacidad adivinar futuro llamar enano descubrioon tunkul instrumento percusión madera poner tocar él profecias sabido alguien tocase instrumento sonido repercutierar región obdendriar trono ciadad porl rey uxmal identificado sunundo anunnedo enfrentarso destino rey llamó enano someter él pruebas difíciles joven aprobó éxito finalme sobrevivió difícil romper cabeza mazo piedra cesta cocoyoles especie frutos duros soberano castigo prueba murió acto crimer golpe comenzar uxmal reinado enano adivino,1375,781,[],[],[],[]
16,"a red car driving down a street in the middle of a city, motion blur bokeh, panning shot, extreme motion blur, heavy motion blur, soft motion blur, speed blur, massive motion blur, motion blur, 1958 ferrari 250 gt, autofocus, heavy jpeg artifact blurry, anamorphic bokeh and lens flares",automóvil rojo conducir calle ciudad motion bokeh bokeh tray blowe motion motion desenfocar movimiento pesado desenfocar movimiento suave desenfocar velocidad desenfocar movimiento masivo desenfocar movimiento ferrari autofoco pantalón artefacto jpeg pesado bokeh anamórfico carpa lensa carpa lent lent,286,302,"Corredor Artesanal Muna 2022 

¡Del 5 al 15 de agosto! 

Visítanos",corredor artesanal muna agosto visítano,66,39,[],[],[],[]
17,"two men are working on a brick oven, by Wolf Vostell, irori fireplace, white powder bricks, crumbling masonry, 1987 photograph, traditional fireplace, 1 9 8 5 photograph, 1980s photograph, coating a stubborn core.', by Robert Rauschenberg, 1990 photograph, 1990s photograph",hombre trabajar horno ladrillo wolf vostell chimenea irori ladrillo polvo blanco mampostería fotografía chimenea tradicional fotografía fotografía año ochenta recubrimiento núcleo terco robert rauschenberg fotografía fotografía,273,227,"Año 1930. Uxmal, Yucatán. El staff de la Universidad de Tulane en la fachada oriente del Cuadrángulo de las Monjas, junto a todo el equipo que utilizaron para montar un campamento y para los trabajos de investigación realizados. Éstos trabajos estuvieron a cargo de Frans Blom y fueron supervisados por el arqueólogo yucateco el Arq. José Erosa Peniche.

Fotografía editada y restaurada para una mejor presentación por @yucatanpasadoglorioso",año uxmal yucatán staff universidad tulane fachada oriente cuadrángulo monjas equipo utilizar montar campamento trabajos investigación realizados trabajos cargo frans blom supervisar arqueólogo yucateco arq josé peniche fotográfico editado restaurante presente,441,260,[],[],['yucatanpasadoglorioso'],[]
18,"a newspaper with a picture of a woman in a white dress, jacqueline e, 1 9 9 3 photo from life magazine, tlaquepaque, life magazine, style of mary jackson, ancient ruins behind her, ancient photograph, scans from museum collection, a monumental, featured in life magazine, taken on a 1960s kodak camera",periódico mujer vestido blanco jacqueline revista life tlaquepqueque magazine vida estilo mary jackson ruina antiguo fotografía antiguo escaneo colección museo revista monumental presentado revista life tomado cámara kodak años,301,227,"Año 1930. Uxmal, Yucatán. Personal de la Universidad de Tulane empujando una carreta para poder ingresar su equipo al Cuadrángulo de las Monjas, lugar donde montaron un campamento para estudiar la zona arqueológica.

Fotografía editada y restaurada para una mejor presentación por @yucatanpasadoglorioso",año uxmal yucatán personal universidad tulane empujar carreta parder pogresar equipo cuadrángulo,303,96,[],[],['yucatanpasadoglorioso'],[]
19,"a thatched roof, breakfast at las pozas, tribe huts in the jungle, health spa and meditation center, doors to various living quarters, thatched roof, doorways, akitipe studios, studio ghibi, ecovillage, weta studios, cuban setting, voodo decor, the ayahuasca spirit, archways between stalagtites",techo techo paja desayuno poxas tribe huts the jungle health spa meditation center puerta vivienda techo paja puerta estudio akitipe estudio gibi ecovillage estudios weta escenario cubano decoración voodo espíritu ayahuasca archways stalagtites,295,244,"Año 1930. Miembros del equipo de la Universidad de Tulane de Luisiana, posan en la zona arqueológica de Uxmal, donde montaron un campamento para realizar trabajos de investigación. Éste produjo dibujos, fotografías y moldes para la Exposición Century of Progreso de 1933 de Chicago. Se puede distinguir la bandera de su Universidad colocada en una de las estructuras. Los acompañan el guía Pablo Pantoja, segundo de izquierda a derecha.

Fotografía editada y restaurada para una mejor presentación por @yucatanpasadoglorioso",año miembros delogio universidad tulane luisiana posan zona arqueológicar uxmal montar campamento trabajos investigación produjo dibujos fotografías mold exposición siglo progreso chicago distinguir bandera universidad colocada estructuras acompañan guia pablo pantoja izquierda derecha,524,286,[],[],['yucatanpasadoglorioso'],[]
20,"an aerial view of the house in the middle of the forest, pyramid surrounded with greenery, lost world pyramid, mayan temple in the jungle, ancient alien jungle, a massive cathedral in a forrest, ancient megastructure pyramid, ancient pyramid, giant tomb structures, ancient jungle, maya temples, mayan, the temple of truth is white, aerial view of an ancient land",vista aéreo casa bosque pirámidir rodeado vegetación pirámidir mundo perdido templo maya jungla antiguo junglo alienígén catedral masivo grito pirámide megaestructura antiguo antiguo pirámidir estructura gigante tumba antiguo junglo templo maya maya templo visión blanco visión antiguo antiguo visión antiguo junta antiguo antiguo jungla antiguo templo visión blanco visión blanco antiguo visión blanco antiguo visión blanco antiguo visión blanco antiguo jungla antiguo visión antiguo junglo blanco templo visión visión blanco antiguo,363,534,"Año 1893. Uno de los dos espléndidos pasajes abovedados (arcos triangulares) del Palacio del Gobernador en Uxmal, éstos unían las tres estructuras principales, en fechas posteriores a su construcción fueron bloqueados y construidas pequeñas habitaciones con pórticos de columnas en cada lado. Con el paso del tiempo sus paredes exteriores fueron colapsando quedando sus frentes descubiertos. Cuando fue visitado y dibujado por Frederick Catherwood en 1841, este pasaje en particular se encontraba casi cerrado.

Fotografía antigua tomada por el explorador Teobert Maler en 1893.

Trabajo de edición realizado por @yucatanpasadoglorioso",año espléndidos pasaje abovedado arco triangular palacio gobernador uxmal unir estructuta principal fecha postteriano construcción columnas paso tiempo pared exteriores colapsar quedar frentes descubiertos visitar dibujar frederick catherwood pasaje particular encontrar cerrado,635,278,[],[],['yucatanpasadoglorioso'],[]
21,"a large building with many windows and a lot of rubble, tenochtitlan, brutalist aztec architecture, mayan style, aztec architecture, maya temples, 1920s archeologically photo, mayan, in the art style of quetzecoatl, aztec, destroyed human structures, submerged pre - incan temple, giant aztec space city",edificio ventana escombro tenochtitlar arquitectura azteca brutalista estilo maya arquitectura azteca templo maya arqueológicamente maya estilo artístico ciudad quetzecoatl aztec estructura humano destruido sumergido pre temple gigante aztec ciudad,303,248,"Rally maya 2022 - BIENVENIDOS  a la Z. A de Uxmal, una poesía hecha piedra. 

@rallymayamexico
@yucatanturismo
@planetariomaya 
@mayalandresorts 
@mayalandadventures",rally maya bienvenido uxmal poesía hecho piedra,165,47,[],[],"['rallymayamexico', 'yucatanturismo', 'planetariomaya', 'mayalandresorts', 'mayalandadventures']",[]
22,"a man standing in the dark near a building, walking in a castle, in a castle, shadowy castle background, projection mapping, 3 6 0 projection, standing near a castle, in a dark warehouse, reflection lumen mapping, silhuette, bats flying away from castle, castle background, inside a castle, projection design installation, wall darkness",hombre parado oscuridad cerca edificio caminar castillo castillo fondo sombrío castillo mapeo proyección proyección parado cerca castillo almacén oscuro mapeo lumen reflexión silueta murciélago volar castillo fondo castillo castillo instalación diseño proyección oscuridad pared pared oscuridad pared,336,300,Uxmal by @diafragmas,uxmal,20,5,[],[],['diafragmas'],[]
23,"an old photo of a pyramid in the middle of the desert, museum catalog photograph, 1 9 4 8 photo, ancient pyramid, 1 9 4 0 picture, 1 9 3 8 photo, ancient megastructure pyramid, photo 1960, pyramid, 1 9 7 5 photo, 1 9 3 5, 1935, 1 9 3 4",viejo pirámidir desierto fotografía catálogo museo pirámide antiguo imagen pirámidir megestructura antigua pirámide,235,115,"Uxmal, Cuadrangulo de las Monjas, aproximadamente 1940.",uxmal cuadrangulo monjas apoximadamete,55,38,[],[],[],[]
24,"a black and white photo of a man standing in front of a stone wall, torri gate, 1920s archeologically photo, huge gate, large gate, portcullis, circular gate in a white wall, tenochtitlan, giant archways, photo taken in 1 9 3 0, brutalist aztec architecture",blanco negro hombre parado frente pared piedra puerta torri arqueológicamente década enorme puerta puerta portcullis puerta circular pared blanco tenochtitlar arco gigante tomado arquitectura brutalista azteca,257,209,"1896. Del libro ""Cave hunting in Yucatan"", de Heny C. Mercer, obtuvimos esta singular imagen. Se trata de una vista del Cuadrángulo de las Monjas, en Uxmal, desde la Pirámide del Adivino. Observamos un edificio que aún no era rescatado, en ruinas, muy distinto a como se puede ver en la actualidad. 

Agrego una imagen actual, del mismo conjunto, en la misma posición, tomado del banco de datos del INAH.",caza cueva libro yucatán heny mercer obvuvimos singular imagen vista cuadrángulo monjas uxmal pirámide adivino observar edificio rescatar ruina distinto poder actualidad imagen real enjunto posición tomado banco dato inah,404,221,[],[],[],[]
25,"a black and white photo of a mountain, tenochtitlan, destroyed castle, battlements with soldiers, ancient pyramid, 1987 photograph, ruined castle, 1 9 8 5 photograph, 1990 photograph, 1920s archeologically photo, 1980 photo, picture taken in 1 9 3 0, 1 9 7 5 photo",blanco negro montaña tenochtitlan castillo destruido almena soldado pirámide antiguo fotografía castillo ruina fotografía fotografía arqueológicamente imagen tomado,264,164,"Circa 1920. Elegantes visitantes posan junto  al hermoso Arco que servía de acceso principal al Cuadrángulo de las Monjas en Uxmal, Yucatán.
** Fotografía actual del lugar en los comentarios.

Trabajo de edición realizado por @yucatanpasadoglorioso",elegantes visitantes posan hermoso arco servía acceso director cuadrángulo monjas uxmal yucatán fotografía real lugar comentarios,248,129,[],[],['yucatanpasadoglorioso'],[]
26,"a newspaper article with a photo of two men, tabloid photo, newspaper clippings, newspaper article, newspaper clipping, circa 1970, news coverage, circa 1 9 6 9, circa 1969, 1971, circa 1 9 7 9, 1973, 1 9 7 3, clippings of a fashion magazine",artículo periódico hombre sensacionalista recorte periódico artículo periódico recorte periódico cobertura noticia circa recorte revista moda,241,141,La Osa mayor desde Uxmal - hemisferio norte ????,osa uxmal hemisferio norte,48,26,[],[],[],[]
27,"a view of the ruins of the mayan ruins, ancient ruins in the forest, ancient ruins and waterfalls, las pozas, maya temples, mayan temple in the jungle, ancient city ruins, ancient ruins behind, beautiful ancient ruins behind, jungle background with ruins, old ruins, ruins landscape, in ancient city ruins, abandoned ruins landscape, ruins around, ruins on the background",vista ruina ruina maya ruina antiguo bosque ruina antiguo cascada plas templo maya templo mayas junglo ruina antiguo ciudad ruina antiguo ruina antiguo ruina ruina selva ruina ruina ruina paisaje ciudad ruina ciudad ruina abandonado,371,232,"Año 1891-1893. Así lucía el Palacio del Gobernador en Uxmal, Yucatán, hace más de 120 años, cuando fue visitado y fotografiado por el explorador italo-austro-alemanTeobert Maler, pionero en la conservación del patrimonio arqueológico al denunciar a los exploradores que saqueaban las zonas arqueológicas.
** En los comentarios, fotografía original y fotografía actual. 

Fotografía original en blanco y negro editada, restaurada y coloreada digitalmente para una mejor presentación por @yucatanpasadoglorioso",año lucía palacio gobernador uxmal yucatán años visitado fotogramado explorador maler pionero conservación patrimonio arqueolóngico zonas arqueológico comentarios fotografía original fotografía real fotografía original blanco negro editada restaurada colorada digitalmentar presente,508,282,[],[],['yucatanpasadoglorioso'],[]
28,"the arch of the arch of triumph, which was built in the early, dry archways, arch, archs and walls, 1987 photograph, 1990 photograph, massive arch, 1981 photograph, there are archways, 1 9 8 5 photograph, by Wolf Vostell, damaged vine bridge, 1999 photograph",arco arco triunfo construir arco seco arco arco pared fotografía fotografía arco masivo fotografía arco fotografía wolf vostell puente vino dañado fotografía,258,157,"Un periódico de 1841 publicó este episodio cuando John Lloyd Stephens y Fréderick Catherwood visitaron ( y exploraron Uxmal), ante el ""dueño"" de esas ruinas y piedras mayas. El señor Simón Peón le quiso poner precio o degradar a los monumentos, para que se exhibieran en USA. Bonita idea. Lo más interesante es que Stephens dio esa respuesta. 
Y hoy decimos 
#ElPatrimonioNoSeVende #LasRaícesHablan . Lo dejo aquí como un testimonio de que nuestras ciudades y pueblos originarios NO tienen precio.

?? Uxmal Yucatán México",periódico publicó estedio john lloyd stephens fréderick catherwood visitaron exploraron uxmal dueño ruinas piedras mayas señor simón peón querer degradar monumentos exhibierir idea bonito interesante stephens respesta decimos dejar testimonio ciudad pueblo originario precio uxmal yucatán méxico patrimonio vender ces,522,317,"['ElPatrimonioNoSeVende', 'LasRaícesHablan']","['patrimonio', 'vender', 'ces']",[],[]
29,"a black and white photo of a mountain with a large building on top, by David Wojnarowicz, 1920s archeologically photo, black and white matte painting, cai guo-qiang, by Wolf Vostell, by Toshiko Okanoue, insanely detailed matte painting, by Julian Schnabel, stanley donwood",blanco negro montaña edificio superior david wojnarowicz década arqueológico pintura mate blanco negro cai wolf vostell toshiko okanoue insvolcle insvanamente detallado julian schnabel stanley donwood,272,200,"Año 1952. Turista tomando un descanso en una típica hamaca yucateca, a pie de la Pirámide del Adivino en la zona arqueológica de Uxmal, Yucatán.

Fotografía del Instituto Getty / Earl Leaf

Fotografía editada para una mejor presentación por @yucatanpasadoglorioso",año turista tomar descanso típico hamaca yucateco pastel pirámide adivino zona arqueológico uxmal instituto,263,107,[],[],['yucatanpasadoglorioso'],[]
30,"the ruins of the maya mayan in mexico, monumental giant palace, huge old ruins, maya temples, ancient city ruins, huge giant old ruins, 1990 photograph, beautiful ancient ruins behind, ancient ruins, not ruins, 1999 photograph, ancient ruins behind, ancient city of white stone, post apocalyptic ancient ruins, yann arthus - bertrand",ruina maya maya méxico palacio gigante monumental enorme ruina viejo templo maya ruina antiguo ciudad enorme ruina gigante viejo fotografía hermosa ruin antiguo antiguo ruina antiguo ruin fotografía ruina antiguo ciudad antiguo piedra blanco ruina antiguo apocaltática arthus arthus bertrand bertrand atrasado,333,309,"La Reina Isabel II de Inglaterra y su esposo el Príncipe Felipe de Edimburgo hicieron un recorrido por la zona arqueológica de Uxmal un 27 de Febrero de 1975, en una visita histórica de la monarquía a Yucatán, que abarcó diferentes puntos de la Península y otras partes de México. 

Edición @yucatanpasadoglorioso",reina isabel inglaterra esposo príncipe felipe edimburgo recorrido zona arqueológicar uxmal febrero visita visita histórico monarquía yucatán abarcar méxico edición,313,164,[],[],['yucatanpasadoglorioso'],[]
31,"the ruins of the mayan in the yucatan jungle, pyramid surrounded with greenery, amazon jungle, lost world pyramid, aerial view of an ancient land, ancient alien jungle, lost city, ancient jungle, a massive cathedral in a forrest, ancient ruins in the forest, monumental giant palace, mayan temple in the jungle, amazon rainforest background, jungle in background, pyramids in background",ruina maya jungla yucatán pirámidir rodeado vegetación jungla amazon pirámidir mundo perdido vista aéreo antiguo tierra antiguo junglo alienígén ciudad perdido antiguo junglo catedral masivo frontera ruina antiguo bosque monumental palacio templo maya jungla selva amazon fondo fondo jungla fondo fondo fondo monumental templo maya jungla selva amazon fondo jungla fondo fondo fondo fondo fondo fondo fondo jungle jungle selva jungla fondo fondo fondo fondo fondo fondo fondo fondo fondo fondo fondo fondo fondo fondo fondo fondo fondo fondo fondo fondo fondo fondo fondo fondo,386,577,"La Reina Isabel II de Inglaterra realizó una histórica visita a la Zona Arqueológica de Uxmal el 27 de Febrero de 1975. El pasado 6 de febrero cumplió 70 años de reinado.

Fotografía @headofwindsor

Edición @yucatanpasadoglorioso",reina isabel inglaterra histórico visita zona arqueológico uxmal febrero febero cumplir año,229,91,[],[],"['headofwindsor', 'yucatanpasadoglorioso']",[]
32,"a man sitting down in the woods with a bowl of food, luis nieves sr, miner kilbourne kellogg, fred flintstone eating tamales, klaus schwab eating bugs, inspired by Ralph Burke Tyree, cuban setting, hulton archives, puerto rico, george floyd, frank stephenson, elliot anderson, american canteen, gridless, 1950s photograph",hombre sentado bosque tazón comida luis nieves miner kilbourne kellogg fred flintstone comer tamales klaus schwab eating bugs inspirado ralph burke tyree cuban setting hulton archives puerto rico george floyd frank stephenson elliot american canteen granhon,321,257,"1987 Mi primera visita a Uxmal 

?? Tomás Williams",visita uxmal tomás williams,50,27,[],[],[],[]
33,"a newspaper with a picture of a man in a suit, helio oiticica, tabloid photo, by Penny Rimbaud, circa 1 9 7 9, real photograph on the street, mexican vaquero, photo of the girl, circa 1970, heraldo ortega, foto realista, circa 1982, guerilla heroico",periódico hombre traje helio oiticica sensacionalista penny rimbaud fotografía real calle vaquero mexicano niña heraldo ortega realista circa guerilla heroico,249,158,"Mundo maya, colección de fotos desde Ucrania",mundo maya coleción fotos ucrania,44,33,[],[],[],[]
34,"a man standing in front of a pyramid, ancient megastructure pyramid, ancient pyramid, pyramid portal, pyramid, pyramids in the background, golden pyramids, beautiful ancient ruins behind, lost world pyramid, pyramids, standing before ancient ruins, pyramid in background, giant tomb structures, pyramid surrounded with greenery, ancient ruins behind, maya temples, pyramids style, giant majestic archways",hombre parado frente pirámide pirámidir megaestructura antiguo pirámidir antiguo portal pirámidir pirámidir pirámid fondo pirámid dorado hermosa ruin antiguo pirámid perdido pirámid ruina pie antigua ruin pirámid estructura tumbas gigante pirámid rodeado vegetación antiguo ruin forma ruin pirámid pyramid pirama arco majestuoso,404,328,"Uxmal uno de los más importantes yacimientos arqueológicos de la cultura Maya, localizado en el municipio de Muna, Yucatán.

Fotografía de @maarcoski / Março Sáenz

Edición @yucatanpasadoglorioso",uxmal importante yacimientos arqueológicos cultura localizado municipio muna yucatán fotografía março sáenzedición,195,114,[],[],"['maarcoski', 'yucatanpasadoglorioso']",[]
35,"the ruins of the mayan ruins in chila, mexico, pyramid portal, monumental giant palace, brutalist aztec architecture, ancient megastructure pyramid, archs and walls, symmetric matte painting, surrealistic roman architecture, aztec architecture, maya temples, mayan, symmetrically centered, ancient alien portal, image split in half, mayan style, perfect symmetrical image",ruina ruina maya chila méxico portal piramidal palacio gigante monumental arquitectura azteca brutalista megestructura antiguo piramidal arco muro pintura mate simétrico arquitectura romano surrealista symitectura arquitectura perfecto maya maya mayas maya centrado imagen alienígén antiguo imagen imagen imagen imagen imagen imagen imagen imagen imagen imagen imagen imagen imagen imagen imagen imagen alto imagen imagen imagen imagen imagen imagen imagen imagen imagen imagen imagen alto imagen imagen imagen imagen imagen imagen imagen imagen alto imagen imagen imagen imagen imagen imagen imagen imagen imagen alto imagen imagen,371,632,"Uxmal una poesía hecha piedra.. 

?? https://instagram.com/simonnorfolkstudio?utm_medium=copy_link",uxmal poesía hecho piedra,98,25,[],[],[],[]
36,"a pile of rubble on a hill, old photo of a creepy landscape, landfill, 1 9 4 8 photo, 1 9 4 0 picture, 1 9 3 8 photo, photo 1960, destroyed mountains, landslide road, old photo from the 1930s, occasional small rubble, 1930 photo, 1 9 4 7",pila escombro colina viejo paisaje espeluznante vertedero imagen montañas destruido road deslizant antiguo década combaco pequeño ocasional,237,139,"?? visita del General Álvaro Obregón a Uxmal en 1920. Una foto que un fotógrafo famoso de Mérida, de origen español, tomó cuando el candidato a la presidencia de México, pasó por Uxmal. No lo publico (a él) pero fue en esas fechas y en esos días de campaña.

?? ?? Martin Enrique",visita general álvaro obregón uxmal fotógrafo famoso mérida origen español tomó candidato presidencia méxico pasó uxmal público lastero fecha campaña martin enrique,279,164,[],[],[],[]
37,"the sun sets over the ruins of chila, mexico, pyramid ruins at sundown, ancient megastructure pyramid, ancient pyramid, maya temples, temple of the sun, mayan, pyramid surrounded with greenery, lost world pyramid, pyramid, pyramid portal, giant aztec spaceship, monumental giant palace, aztec architecture, sacred ancient architecture, mayan style, large temples, cathedral of sun",the sun set over the ruins chila mexico pyramid ruins sundown ancient megastructure pyramid ancient pyramid maya templ temple the sun mayan pyramid surrounded with greenery lost world pyramid pyramid pyramid portal giant aztec spaceship monumental giant palace aztec architecture sacred ancient architecture mayan style templo catedral sol,380,339,"Uxmal: portal místico de entrada a la #RutaPuuc ???

La Zona Arqueológica de #Uxmal, conocida como la Tres Veces Construida y declarada Patrimonio Cultural de la Humanidad por la UNESCO en 1996.

¡Visítala! ?? https://bit.ly/3gLleAM",uxmal portal místico entrada ruta puuc uxmal,234,44,"['RutaPuuc', 'Uxmal']","['ruta', 'puuc', 'uxmal']",[],[]
38,"a man standing on top of a rock looking at the ruins, maya temples, ancient ruins behind her, panorama of crooked ancient city, in ancient city ruins, beautiful ancient ruins behind, ancient city ruins, panoramic centered view of girl, ancient ruins and waterfalls, ancient ruins in the background, beautiful panoramic imagery, standing before ancient ruins, wide angle lens photography",hombre parado roca mirar ruina templo maya ruina antiguo panorama ciudad antiguo torcido ruina antiguo ciudad hermosa ruin antiguo ruina antiguo ciudad vista panorámico centrado niña ruina antiguo cascada ruina antiguo fondo imagen panorámica imagen pie ruina antiguo ruido amplio angular ángulo,386,295,"La llamada Reina de Uxmal es esta pieza elaborada entre el 600-900 d.C. en la zona arqueológica mencionada en #Yucatán. Posiblemente es el retrato de un gobernante o sacerdote con escarificaciones en forma de espirarl en el rostro.Emerge de las fauces de una serpiente estilizada.

Vía: El Espejo Humeante",llamada reina uxmal pilaza elaborada zona arqueológicar mencionado posibilidad retrato gobernante sacerdota concarificaciones forma espirarl rostro emerge fauces serpiente espejo humeante yucat,307,193,['Yucatán'],['yucat'],[],[]
39,"the ruins of the ancient city of chila, maya temples, mayan, beautiful ancient ruins behind, monumental giant palace, ancient ruins behind, mayan style, temple of the sun, ancient ruins in the background, standing before ancient ruins, large temples, ancient city ruins, white stone temple ruins, mayan temple in the jungle, ancient megastructure pyramid",ruina antiguo ciudad chila templo maya mayas hermosa ruin antiguo palacio gigante monumental ruina antiguo estilo maya templo sol ruina antiguo fondo pie ruina antiguo templo ciudad ruina templo piedra blanco templo mayas jungla,354,228,"¡Impresionante el adivino!

?? JD Bertoni",bertoni,41,7,[],[],[],[]
40,"a building with a projection projected on it, projection mapping, projection design installation, colorful projections, colorful detailed projections, colored projections, 3 6 0 projection, digital graffiti landscape, reflection lumen mapping, digital walls, holographic projection, lan mcque, led screens, painted on a giant wall, digital screens on the walls, wall painting, 3d lighting",edificio proyección proyectado mapeo proyección instalación diseño proyección proyección colorida colorida proyección detallado proyección proyección paisaje digital graffiti mapeo lúmén reflexión pared digital proyección holográfico lan mcque pantalla liderado pintado pared gigante pantalla luz digital pared dolor pared dolor pared,388,334,"Personas afortunadas escalando la pirámide del adivino en uxmal 

Créditos a quien corresponda..",persona afortunado escalando pirámide adivino uxmal créditos correspondiente,96,76,[],[],[],[]
41,"a man standing next to a jeep in the woods, film still of barack obama, screenshot of found footage, jeep in background, color film still 1 9 7 7, still from a music video, screenshot from a movie, still shot from movie, mud, 1 9 8 0 movie still, mahindra thar, still from a movie, still from a nature documentary",hombre parado jeep bosque película barack obama captura pantalla imagen encontrado jeep fondo películar musical captura pantalla película filmado película lodo película mahindra thar película documental naturaleza,313,213,"Que bellos momentos en uxmal. 

?? - @luis_morales_jr",bello momento uxmal,53,19,[],[],['luis_morales_jr'],[]
42,"a newspaper piece with a picture of a man in a suit, circa 1958, jacqueline e, circa 1970, circa 1969, circa 1 9 6 9, 1958, 1 9 5 8, 1959, circa 1 9 7 9, 1 9 6 1, 1961, 1962",pieza periódico hombre traje jacqueline,173,39,"Conoce los vuelos panorámicos en Yucatán, visita Uxmal desde el aire con @iflyaviacion  @iflyexperience  @bwwoolrich",conocer vuelos panorámicos yucatán visita uxmal aire,116,52,[],[],"['iflyaviacion', 'iflyexperience', 'bwwoolrich']",[]
43,"a group of men riding horses down a dirt road, damaged vine bridge, 1920s archeologically photo, foto realista, restored photo, trench crusade, historical footage, steel bull run, real photograph, live-action archival footage, realistic old photo, realistic old photograph, aqueducts, historical photo, photo realisitc",grupo hombre montar caballo camino tierra puente vid dañado arqueológico década realista restaurado cruzado trinchera metraje histórico acero bull run fotografía real imagen archivo acción vivo antiguo realista fotografía antiguo realista acuquesceducto histórico realisitc,318,273,"?????? ATENCIÓN ??????

ESTE MARTES 9 DE NOVIEMBRE ABRE AL PUBLICO ""ECOS DE UXMAL""

De lunes a domingo; Habrá tres presentaciones por día: a las 19:30 horas, a las 20:15 horas y a las 21 horas. 

A partir de este lunes 8, los interesados podrán adquirir sus boletos en la página culturyucatan.com, donde hallarán información y los enlaces respectivos. Las entradas también se vendrán en las taquillas del parador turístico.",atenga presentaciones horas horas horas lunes interesados adquirir boletos página hallar información enju respetivos entrada venir taquillas parador turísstico,423,159,[],[],[],[]
44,"a large pyramid with a bird flying over it, ancient megastructure pyramid, ancient pyramid, lost world pyramid, pyramid ruins at sundown, ruined alien structures, old ruins tower, maya temples, beautiful ancient ruins behind, ancient ruins in the background, an intact ancient alien ship, pyramid, ruins in the background, pyramid surrounded with greenery, giant tomb structures",pirámidir pájaro volar antiguo pirámidir megaestructura antiguo pirámidir pirámidir mundo perdido ruina pirámidir atardecer estructura alienígena ruina torre vieja ruin templo maya hermosa ruin antiguo ruina antiguo fondo antiguo barco antiguo intacto pirámid ruina ruin fondo pirámid cerca greenery ruina gigante timb antiguo nave alienígén,378,341,"El palacio del gobernador en Uxmal, Yucatán en México. En una fotografía tomada en el año de 1882 por el explorador francés Désiré Charnay.",palacio gobernador uxmal yucatán méxico fotografía tomado año explorador francés désiré charnay,139,95,[],[],[],[]
45,"a large building in the middle of a desert, white stone temple ruins, maya temples, ancient ruins behind, ruins in the background, ancient ruins in the background, pyramid in background, ruins on the background, ancient city ruins, ancient megastructure pyramid, beautiful ancient ruins behind, monumental giant palace, mayan, ancient city of white stone, temple of the sun, ancient pyramid",edificio desierto ruina templo piedra blanco templo maya ruina antiguo ruina fondo ruina antiguo fondo pirámidir fondo ruina fondo ruina ciudad antiguo antiguo pirámidir megaestructura hermosa ruin antiguo palacio gigante monumental maya maya ciudad antiguo piedra blanco temperamento antiguo piramida antiguo piramida antiguo,390,326,"Los precursores y pioneros del turismo en Muna Don Hector Arana Cabrera y Don Luis Arana Bustillos (descanse en paz)

Sin lugar a dudas Muna ha destacado por ser un sitio turístico de interés y un tanto es debido a la cercanía con la Ruta Puuc, de los primeros guías que trajeron a innumerables conocedores de la cultura maya lo fueron don Héctor Arana Cabrera nacido en muna al igual que su hijo don Luis Arana en la Casa que se encuentra a contraesquina del parque
Fueron ellos los exploradores que llevaron a los primeros arqueólogos al buscar las ciudades mayas perdidas al sur de Yucatán, Quintana Roo y Campeche; como atestiguan numerosas cartas de agradecimiento suscritas por arqueólogos famosos y que Luis conserva como un recuerdo de pasadas y felices aventuras.
Pero esos antiguos guías exploradores no solo la hacían de choferes, ellos mismos preparaban los campamentos, cocinaban y la hacían de mecánicos cuando se necesitaba. Porque en esas expediciones, donde no había población alguna, necesitaban llevar refacciones, bandas, bujías, medicinas, tabaco y ron para las noches y sí, también hacer guardias en la noche mientras los turistas dormían.
Los campamentos de los custodios de los sitios arqueológicos, o de los campamentos madereros y chicleros eran los lugares ideales para pernoctar por la seguridad que los establecimientos ofrecían. Era muy importante mantener las amistades a lo largo de las rutas con estos amigos custodios o capataces de los campamentos, por lo que siempre llevaba pequeños regalos que tanto se aprecian en estas lejanas partes como un paquete de cigarrillos, una botella de ron, un buen cuchillo o un molino para carne. En la región Puuc los sitios intervenidos por el INAH, todos tienen chultunes y/o akalchés para proveer de agua a los vigilantes. Los vigilantes de los sitios alejados tienen sus descansos una vez cada dos semanas y de regreso llevan cargando las mercancías que van a consumir durante ese tiempo, naturalmente cuando Don Héctor los encontraba en el camino, lo menos que hacía por ellos era subir al Jeep la pesada carga, y si había algún lugar disponible llevaba a la esposa y niños hasta su destino en medio de la nada",precursor pionero turismo muna don héctor arán cabrera don luis arán bustillo paz lugar duda mún desestacar sitio turísstico interés lacanía ruta ruto puuc traer cercanía ruta puuc cultura maya don héctor arana cabrera nacido muna hijo don luis arana casa contraesquina parqueser explorador llevar arqueólogo buscar ciudad maya perdido sur yucatán quintana roo campeche atestiguan numeroso cartas agradecimento suscritas arqueólogo famoso luis conservar recuerdo pasada felices antiguos guías exploradores hacía choferes elelos preparaban cocinores cocina hacía hacía coferes preparabanes cocoinatores coco hacina mecánnicos necesitar expediciones poblacia necesitaban refacciones bandas bujías medicinas tabaco ron noches campamentos guardias noche turistas dormina arqueológicos campamentos madereros chicleros lugares ideales pernoctar seguridad establecido recíe importante mantener amistades rutas amigos custodios capataces campamentos llevar pequeños regalos aprecianos lejanas parte carne región puuc sitio intervenido inah chultunes akalchés probador agua vigilante vigilantes sitio alejados descansos semana remeso llevan cargando mercancías consumir tiempo naturalmento don héctor encontrar camino hacer elloal erlos erlos erlos erlos erlelo carga lugar disponible lllevar esposa niño destino,2186,1303,[],[],[],[]
46,"a woman in a white dress and hat walking down a path, carrying a tray, ethiopian, sri lankan landscape, 1990s photograph, white shirts, 1990 photograph, 1987 photograph, 1980s photograph, cuban women in havana, bolivian cholitas, sri lanka, assamese aesthetic, workers",woman dress and hat walking down path carrying tray ethiopiar sri lankan landscape photograph shirts photograph photograph photograph cur women haván boliviar cholita sri lanko assamese aesthetic workers,268,203,"Así lucía #Uxmal la primera vez que la redescubrieron en una expedición entre 18581860??

??Claude-Joseph Désiré Charnay",lucía redescubreír expediciónica desiré charnay uxmal,121,53,['Uxmal'],['uxmal'],[],[]
47,"a police officer stands guard on the side of a road as cars pass by, the last v 8 interceptor, triumph, cars and people, 5 hotrods driving down a street, the car is corvette c2 1969, de tomaso, corvette c2 1969, andrew tate driving a bugatti, police tesla, chase scene, cobra",police officer stands guard the sidir road cars pass the last interceptor triumph cars and people hotrods driving down street the car corvette tomaso corvette andrew tate driving bugatti police teslar chase scene cobrar,275,219,"Ya sea en piedra, jade o arcilla, déjate maravillar por las artesanías que Los Ceibos tienen para ofrecerte. Visita su taller en Muna, y descubre el talento de esta familia de artesanos en cada una de sus piezas. 
#QuédateEnYucatán
#365DíasEnYucatán

Más información en: https://yucatan.travel/experiencia/121-artista-en-vasijas-prehispanicas/",piedra jade arcilla déjate maravillar artesanías ceibos recreación visita taller muna descubre talento familia artesanos pieza información date yucat yucat,343,155,"['QuédateEnYucatán', '365DíasEnYucatán']","['date', 'yucat', 'yucat']",[],[]
48,"a bird flying over a forest filled with trees, huginn and muninn flying above, flying birds in distance, an eagle flying, sri lankan landscape, a spotted dove flying, birds flying in the distance, flying birds in the distance, birds flying away, birds in flight, birds and trees, birds on sky, jungle in background, birds flying in the sunlight",pájaro volar bosque lleno árbol huginn muninn volar volar pájaro distancia águila volar paisaje sri lanka paloma manchado volar ave vuelir distancia ave voladora distancia ave volar ave ave pájaro ave cielo junglo fondo pájaro volar flujo solar luz solar,344,254,"Muy pronto, nuevo espectáculo de Luz y sonido. Esperalo.  ECOS DE UXMAL",eppectáculo luz sonido esperar eco uxmal,71,40,[],[],[],[]
49,"a brick walkway with a sign that says ` ` ` `, partly cloudy sky, the planet, plants environment, partly cloudy day, big planet on background, big disc of planet, planet in the sky, planet, parks and public space, bangalore, parks and monuments, sunny clear sky, panoramic photography, vibrant greenery outside, park background, clear sky above",pasarela ladrillo letrero cielo parcialmente nublado planeta entorno planta parcialmente nublado planeta fondo disco planeta planeta cielo planeta parque espacio público bangalore parque monumento cielo transparente soleado fotografía panorámico vibrante verde exterior fondo parque cielo despejado cielo despejado cielo despejado cielo despejado cielo despejado,344,362,Arte Maya los ceibos. A tu paso por Uxmal visita Muna.  Tendrás la oportunidad de ver y poder comprar reproducciones prehispánicas.  Encuéntralos en calle 13 x 26 y 28 Muna. CP 97840,arte maya ceibos paso uxmal visita mún tenderrás oportunidad compromentar reproducción prehispánica encuentra él calle muna,182,123,[],[],[],[]
50,"a group of mushrooms, ancient alien head stone statues, stone colossus remains, stone statues, megaliths, the three moiras, distopia megaliths, broken statues, ancient astronauts, 3rd century bc, weathered artifacts, brancusi, ancient gods, hellenistic sculptures, hexagonal stones, helmet of a forgotten deity",grupo hongo antiguo estatua piedra cabeza alienígén resto coloso piedra estatua piedra megalito moira megalito distopía estatua roto astronauta antiguo siglo iii,310,161,Uxmal vuelve a abrir sus puertas hoy 22 de marzo.  Visita Uxmal de 8:00 am hasta 4:00 PM para la venta de boletos y como último acceso.  Cierra a las 5:00 Pm,uxmal vuelve abrir puertas marzo visita uxmal venta boletos acceso cerrar,157,73,[],[],[],[]
51,"a black and white photo of a ruined building, destroyed buildings, destroyed castle, ww1 film photo, taken on a ww 1 camera, destroyed church, an atom bomb explosion in mumbai, collapsed buildings, black and white matte painting, ww1 photo, kremlin towers are destroyed, destroyed human structures, destroyed monastery, 1920s archeologically photo, restored photo",blanco negro edificio ruina edificio destruido castillo destruido película guerra mundial tomado cámara guerra mundial iglesia destruido explosión bomba atómico mumbai edificio colapsado pintura mate blanco negro guerra mundial torres kremlin destruido estructura humano destruido destruido monastería arqueológico década arqueado restaurado restaurado restaurado restaurado restaurado,363,385,Uxmal en 1946,uxmal,13,5,[],[],[],[]
52,"a view of a building from a window, vhs footage still, film screenshot, taken on a 1960s kodak camera, taken on 1970s kodak camera, 8 mm film still, screenshot of found footage, vhs footage of a movie set, ancient ruins in the background, color film still 1 9 7 7, from inside the giant palace",vista edificio ventana metraje vhs captura pantalla película tomado cámara kodak década tomado cámara kodak años película captura pantalla imagen encontrado imagen vhs conjunto película ruina antiguo fondo película interior palacio gigante,293,239,Uxmal en 1950,uxmal,13,5,[],[],[],[]
53,"a 360 lens of a person on a skateboard, in ancient city ruins, maya temples, epic vista of old ruins, ancient city ruins, at an ancient city, ancient ruins in the background, trampling an ancient city, beautiful ancient ruins behind, 3 6 0 capture, ancient city, ancient ruins behind, standing before ancient ruins, solar eclipse",lente persona patineta ruina ciudad antiguo templo maya vista épica vieja ruin ruina antiguo ciudad ciudad antiguo ruina antiguo fondo pisotear ciudad antiguo hermosa ruin antiguo captura antiguo ciudad antiguo ruina ruina antiguo ruina solar ruido solar solar,329,260,"Sigue explorando Uxmal y sus pueblos vecinos, cómo Muna y Santa Elena.  Recuerda somos un grupo de locales y te queremos ayudar a planificar mejor tu viaje por nuestras tierras mayas, escríbenos te brindamos asesoría y recomendaciones totalmente gratis. ?? 
#uxmaltravel  #uxmalyucatan  #visituxmal #vist_uxmal?????",explorando uxmal pueblos vecinos muna santa elena recordar grupo locales ayuda planificar viaje tierra maya escríbeno brindar asesoer recomendacación total valor uxmaltravel uxmalyucatar visituxmal vist uxmal,315,208,"['uxmaltravel', 'uxmalyucatan', 'visituxmal', 'vist_uxmal']","['uxmaltravel', 'uxmalyucatar', 'visituxmal', 'vist', 'uxmal']",[],[]
54,"a newspaper clipping of a man and woman, circa 1982, circa 1 9 7 9, circa 1 9 8 4, circa 1970, 1 9 7 8, 1978, 1 9 8 1, 1981, 1977, 1 9 7 7, circa 1 9 6 9, circa 1969",recorte periódico hombre mujer circa circa circa circa circa,165,60,"Si visitas UXMAl de regreso puedes pasar a visitar Muna,  se encuentra camino a uxmal y en ella puedes adquirir diversos productos y servicios.. desde snacks en el super mercado hasta frutas y verduras frescas en su mercado local, servicios de  hospedaje, tours a grutas, vistas panorámicas desde el cerro más alto de Yucatán, y si viajas de Mérida a Uxmal y no encuentras Autobús para llegar con la línea SUR usted puede tomar otro autobús de nombre Mayab y pedirá desender en el poblado de Muna y desde el Centro tomar un taxy para Uxmal. ??? En este timelapse podrás observar el camino de uxmal a Muna 16 Km en 30 segundos.",visitar uxmal regueso puedes pasar visitar muna camino uxmal pluedes adquirir diverso productos servicios snacks super mercado frutas verduras frescas mercado local servicios hospedaje tours gras vista vierduras mercado cerro alto yucatán vijas mérida uxmal encuentras autobús llegar línea sur tomar autobús nombre mayab pedirá desender poblado muna centro tomar taxy uxmal timelapse podrás observar camino uxmal muna segundo,626,425,[],[],[],[]
55,"a painting on a wall in a building, symmetrical painting, aztec iconography, intricate design pop art, intricate symmetrical artwork, nazca design, symmetrical artwork, illusion painting hidden image, wall painting, mexican muralism ) ravi supa, symbolic mural, unique and intricate painting, intricate mural, intricate painting, coherent symmetrical artwork",pintura pared edificio pintura simétrico iconografía azteca arte pop intrincado obra arte simétrico intrincado diseño nazca obra arte simétrico pintura ilusión oculto imagen oculto pintura pared muralismo mexicano ravi supa sínteco síndico mural único intrincado pintura intrincado mural pintura intrincado arte symétrico coherente,358,331,Uxmal en 1939 ?????,uxmal,19,5,[],[],[],[]
56,"a group of people standing around a wall, brutalist aztec architecture, aztec architecture, tenochtitlan, maya temples, 1920s archeologically photo, background depicting a temple, staggered terraces, monumental giant palace, mayan style, 1 9 3 8 photo, 1 9 4 8 photo, 1 9 4 0 picture",grupo persona pie muro arquitectura azteca brutalista arquitectura azteca tenochtitlar templo maya arqueológicamente década fondo representar templo terraza escalonada palacio gigante monumental estilo maya imagen,283,213,"Somos tus guías locales en el sur de Yucatán, envíanos DM y pregúntanos, estamos para ayudarte en tu siguiente viaje",guía lugar sur yucatán envíico pregúntano ayudarte siguient viaje,116,65,[],[],[],[]
57,"a dirt road with a dirt road and bushes, taken on a 1960s kodak camera, color film still 1 9 7 7, 8 mm film still, screenshot of found footage, vhs footage still, screenshot from the 1983 film, taken on 1970s kodak camera, super 8mm photograph, film screenshot, still from a music video",camino tierra camino tierra arbusto tomado cámara kodak década película película captura pantalla imagen encontrado imagen vhs captura pantalla película tomado cámara kodak fotografía súper pantalla película película musical musical,286,232,"¡INFORMACIÓN IMPORTANTE SOBRE LA REAPERTURA DE LA ZONA ARQUEOLÓGICA DE UXMAL!

La reapertura se realizará entre el 14 y 20 de septiembre, ya al tener una fecha establecida se dará a conocer por este medio.

La visita se realizará de lunes a domingo de 8 a 17 h. siendo el último acceso a las 16:00 h. La zona arqueológica únicamente podrá operar al 30% de la capacidad de carga, por lo que al alcanzar la capacidad permitida se restringirá el acceso.

El recorrido está delimitado y no se podrá acceder a todas las estructuras abiertas anteriormente al público, durante el recorrido únicamente se podrán visitar: el Templo del Adivino, el Cuadrángulo de las Monjas, el Juego de Pelota, la Casa de las Tortugas, y el Palacio del Gobernador. Se dispondrá de un tiempo máximo de 2 horas para realizarlo.

El uso de cubrebocas es obligatorio y no se permitirá el acceso sin el uso correcto del mismo. El cubrebocas se utilizará durante todo el recorrido.

No se permitirá el acceso de personas que no aprueben el filtro sanitario. La toma de la temperatura es únicamente en la zona de la frente, por lo que tampoco se podrá ingresar a la zona arqueológica de negarse.

TODAS LAS MEDIDAS SON PARTE DE LA ESTRATEGIA PARA PREVENIR CONTAGIOS DE SARS-COV2 DURANTE LA VISITA, POR LO QUE ES IMPORTANTE SEGUIR LAS INDICACIONES DEL PERSONAL.

¡DISFRUTEMOS EL PATRIMONIO CULTURAL Y CUIDEMOS NUESTRA SALUD!  @yucatanturismo",información importante reapertura zona arqueológica uxmal reapertura realizar septiembre fecha establecido dar visita realizar lunes domingo útimo acceso zona arqueológicar únicése operario capacidad carga alcanzar capacidad permitido restingirier recorrido delimitado accesor únicamé visitar templo adivino cuadrángulo monjas juego pelota casa tortugas palacio gobernador disponer tiempo máximo hora realizarlo cubrebocas obligatorio permitir acceso correcto cubrebocas utilizar recorrido permitir acceso personas aprueben filtro sanitario toma temperatura úicamar zona frente ingresar zona arqueológico negar él personal,1408,622,[],[],['yucatanturismo'],[]
58,"a large pyramid with a tree in front of it, ancient megastructure pyramid, ancient pyramid, pyramid surrounded with greenery, pyramid, giant tomb structures, lost world pyramid, giant aztec spaceship, monumental giant palace, pyramid portal, golden pyramids, the tower of babel, pyramid background, aztec architecture, ziggurat, giant snake castle, tower of babel, monumental structures",large pyramid with tree front ancient megastructure pyramid ancient pyramid pyramid surrounded with greenery pyramid giant tomb structur lost world pyramid giant aztec spaceship monumental giant palace pyramid portal goldir pyramids the tower babel pyramid aztec architecture ziggurat giant snake castle tower babel estructura monumental,386,337,#uxmaltravel  #yucatán #uxmalyucatan #uxmalgrid #uxmal2020 #uxmal,uxmaltravel yucat uxmalyucatar uxmalgrid uxmal uxmal,65,52,"['uxmaltravel', 'yucatán', 'uxmalyucatan', 'uxmalgrid', 'uxmal2020', 'uxmal']","['uxmaltravel', 'yucat', 'uxmalyucatar', 'uxmalgrid', 'uxmal', 'uxmal']",[],[]
59,"a newspaper with a picture of a man in the middle, 1960's olympics, jacqueline e, miles df, 1960's olympics footage, kodachrome 64, kodachrome 6 4, 1 9 6 1, 1961, circa 1 9 6 9, circa 1969, newspaper article, old paper",periódico imagen hombre olímpicos jacqueline mil olympics wearage kodachrome kodachrome circa circa artículo periódico papel antiguo papel antiguo papel antiguo viejo papel,218,172,#uxmaltravel  #yucatán #uxmalyucatan #uxmalgrid #uxmal2020 #uxmal,uxmaltravel yucat uxmalyucatar uxmalgrid uxmal uxmal,65,52,"['uxmaltravel', 'yucatán', 'uxmalyucatan', 'uxmalgrid', 'uxmal2020', 'uxmal']","['uxmaltravel', 'yucat', 'uxmalyucatar', 'uxmalgrid', 'uxmal', 'uxmal']",[],[]
60,"the stage at night, colorful projections, projection design installation, painted on a giant wall, projection mapping, colorful detailed projections, colored projections, wall darkness, mural, mural art, 3 6 0 projection, symbolic mural, digital walls, artwork of a building, wall painting, a gigantic wall, behind the wall, light art, stage background, epic illumination",escenario noche proyección colorida instalación diseño proyección pintado pared gigante mapeo proyección colorida proyección detallado proyección oscuridad pared mural arte mural proyección mural simbólico pared digital obra arte edificio pintura pared pared gigantesco pared arte luz etapa fondo iluminación épico iluminado epético,371,332,#uxmaltravel  #yucatán #uxmalyucatan #uxmalgrid #uxmal2020 #uxmal,uxmaltravel yucat uxmalyucatar uxmalgrid uxmal uxmal,65,52,"['uxmaltravel', 'yucatán', 'uxmalyucatan', 'uxmalgrid', 'uxmal2020', 'uxmal']","['uxmaltravel', 'yucat', 'uxmalyucatar', 'uxmalgrid', 'uxmal', 'uxmal']",[],[]
61,"a photo of a house in the middle of a field, photo taken at night, low light photography, low - light photography, candlelit catacombs, foto realista, underexposed photography, mysterious temple setting, maya temples, render corona, photography at night, volumetric illumination, aztec architecture, background is a low light museum, lumion render",casa campo tomado noche fotografía luz fotografía luz catacumba vela realista fotografía subexpuesta misterioso entorno templo templo maya corona fotografía noche iluminación volumétrico arquitectura azteca fondo museo bajo luz museo bajo luz museo luz lumión,347,259,Entra a nuestro feed para ver la foto ?? completa ???#grid  #uxmaltravel  #yucatán #uxmalyucatan #uxmalgrid #uxmal2020 #uxmalruinasmayas  #uxmalruins,entrar feed complete grid uxmaltravel yucat uxmalyucatar uxmalgrid uxmal uxmalruinasmaya uxmalruins,149,99,"['grid', 'uxmaltravel', 'yucatán', 'uxmalyucatan', 'uxmalgrid', 'uxmal2020', 'uxmalruinasmayas', 'uxmalruins']","['grid', 'uxmaltravel', 'yucat', 'uxmalyucatar', 'uxmalgrid', 'uxmal', 'uxmalruinasmaya', 'uxmalruins']",[],[]
62,"a book with an image of two men in uniform, colonial era street, luis nieves sr, cuban revolution, by George Barret, Sr., manuel sanjulian, by Oswaldo GuayasamÃ­n, ( el dia los muertos ), ivan bolivian, ned kelly, by RenÃ© Auberjonois, by Benito Quinquela MartÃ­n",libro imagen hombre uniforme colonial street luis nieves revolución cubano george barret manuel sanjulian oswaldo guayasamín diar muertos ivan bolivian ned kelly rené auberjonois benito quinquela martí,263,201,Entra a nuestro feed para ver la foto ?? completa ???#grid  #uxmaltravel  #yucatán #uxmalyucatan #uxmalgrid #uxmal2020 #uxmalruinasmayas  #uxmalruins,entrar feed complete grid uxmaltravel yucat uxmalyucatar uxmalgrid uxmal uxmalruinasmaya uxmalruins,149,99,"['grid', 'uxmaltravel', 'yucatán', 'uxmalyucatan', 'uxmalgrid', 'uxmal2020', 'uxmalruinasmayas', 'uxmalruins']","['grid', 'uxmaltravel', 'yucat', 'uxmalyucatar', 'uxmalgrid', 'uxmal', 'uxmalruinasmaya', 'uxmalruins']",[],[]
63,"a large stone structure, maya temples, ancient megastructure pyramid, giant gold head statue ruins, ancient pyramid, ancient alien head stone statues, the oracle of the mayan elders, mayan, stone colossus remains, huge and megalithic, lost world pyramid, giant head statue ruins, giant tomb structures, beautiful ancient ruins behind, epic 3 d oxaguian",estructura piedra templo maya antiguo pirámidir megaestructura ruina gigante cabeza oro antiguo pirámidir antiguo estatua piedra cabeza alienígén oráculo anciano maya maya coloso piedra resto enorme megalítico pirámidir mundial perdido estatua gigante cabeza gigante estructura tumbas gigante hermosa ruin antiguo epic oxagu oxagu cabeza oxagu,352,343,Entra a nuestro feed para ver la foto ?? completa ???#grid  #uxmaltravel  #yucatán #uxmalyucatan #uxmalgrid #uxmal2020 #uxmalmayanruins #uxmalruins,entrar feed complete grid uxmaltravel yucat uxmalyucatar uxmalgrid uxmal uxmalmayanruins uxmalruins,147,99,"['grid', 'uxmaltravel', 'yucatán', 'uxmalyucatan', 'uxmalgrid', 'uxmal2020', 'uxmalmayanruins', 'uxmalruins']","['grid', 'uxmaltravel', 'yucat', 'uxmalyucatar', 'uxmalgrid', 'uxmal', 'uxmalmayanruins', 'uxmalruins']",[],[]
64,"the ruins of the maya maya in mexico, monumental giant palace, maya temples, ancient megastructure pyramid, mayan, ancient pyramid, pyramid surrounded with greenery, trampling an ancient city, mayan style, aztec architecture, beautiful ancient ruins behind, not ruins, ancient city ruins, aztec mythology, giant tomb structures, brutalist aztec architecture, large temples, classic mayan mythology",the ruins the maya maya mexico monumental giant palace maya templ ancient megastructure pyramid mayan ancient pyramid pyramid surrounded with greenery trampling ancient city mayan style aztec architecture beautiful ancient ruins behind not ruins ancient city ruins aztec mythology giant tomb structur brutalist aztec architecture templo mitología mayo clásico,397,359,Entra a nuestro feed para ver la foto ?? completa ???#grid  #uxmaltravel  #yucatán #uxmalyucatan #uxmalgrid #uxmal2020 #uxmalmayanruins #uxmalruins,entrar feed complete grid uxmaltravel yucat uxmalyucatar uxmalgrid uxmal uxmalmayanruins uxmalruins,147,99,"['grid', 'uxmaltravel', 'yucatán', 'uxmalyucatan', 'uxmalgrid', 'uxmal2020', 'uxmalmayanruins', 'uxmalruins']","['grid', 'uxmaltravel', 'yucat', 'uxmalyucatar', 'uxmalgrid', 'uxmal', 'uxmalmayanruins', 'uxmalruins']",[],[]
65,"a man standing in a hole in a wall, foto realista, parce sepulto, un dia de paz, vale encantado, yutja, ( el dia los muertos ), religiÃ³n, photomanipulation, inspired by Oscar RodrÃ­guez Naranjo, apocalyptik city, apocalyps, world seen only through a portal",hombre pie agujero pared realista parce sepulto paz vale encantado yutja muertos religión fotomanipulación inspirado oscar rodríguez naranjo ciudad apocalipty apocalips mundo visto portal,257,187,Entra a nuestro feed para ver la foto ?? completa ???#grid  #uxmaltravel  #yucatán #uxmalyucatan #uxmalgrid #uxmal2020 #uxmalruins,entrar feed complete grid uxmaltravel yucat uxmalyucatar uxmalgrid uxmal uxmalruins,130,83,"['grid', 'uxmaltravel', 'yucatán', 'uxmalyucatan', 'uxmalgrid', 'uxmal2020', 'uxmalruins']","['grid', 'uxmaltravel', 'yucat', 'uxmalyucatar', 'uxmalgrid', 'uxmal', 'uxmalruins']",[],[]
66,"a black and white photo of the ruins of the ancient city of coosa, mayan, maya temples, mayan style, canva, classic mayan mythology, monumental giant palace, instagram digital, mayan god, on a canva, google arts and cultures, epic 3 d oxaguian, the oracle of the mayan elders, cinemÃ¡tica, monumental structures",blanco negro ruina antiguo ciudad coosa maya templo maya estilo maya lona maya clásico palacio gigante monumental dio digital dios maya lienzo art cultura google épico oxaguiano oráculo maya elder cinetica monumental estructura,311,227,Entra a nuestro feed para ver la foto ?? completa ???#grid  #uxmaltravel  #yucatán #uxmalyucatan #uxmalgrid #uxmal2020 #uxmal,entrar feed complete grid uxmaltravel yucat uxmalyucatar uxmalgrid uxmal uxmal,125,78,"['grid', 'uxmaltravel', 'yucatán', 'uxmalyucatan', 'uxmalgrid', 'uxmal2020', 'uxmal']","['grid', 'uxmaltravel', 'yucat', 'uxmalyucatar', 'uxmalgrid', 'uxmal', 'uxmal']",[],[]
67,"a building with a colorful light on it, projection mapping, mayan style, colored projections, colorful detailed projections, mexican muralism ) ravi supa, mayan, projection design installation, aztec fantasy, colorful projections, inca style, giant aztec spaceship, neon aztec, epic illumination, tenochtitlan, in the art style of quetzecoatl",edificio luz colorido mapeo proyección estilo maya proyección colorida proyección detallado muralismo mexicano ravi supa maya instalación diseño proyección fantasía aztec proyección colorida estilo inco estilo azteco gigante neon aztec iluminación épico tenuechtitlar estilo artístico estilo artístico quetzatl,342,310,"Ya planeaste tu visita a Uxmal ??? Después de la contingencia sanitaria te invitamos a que nos visites, la z.a de Uxmal es bastante amplia y tiene espacio suficiente para atender a las personas con su respectiva sana distancia... Cuídate y cuidamos.  Les esperamos pronto en la ciudad tres veces construida. #uxmal #vist_uxmal #uxmalyucatan #visityucatan #yucatan",planeaste visita uxmal contingencia saniterio invitamos visitas uxmal amplia espacio suficiente atender persona respetiva sano distancia cuídate cuidamos esperar ciudad construida uxmal vist uxmal uxmalyucatar visityucatar yucatar,363,230,"['uxmal', 'vist_uxmal', 'uxmalyucatan', 'visityucatan', 'yucatan']","['uxmal', 'vist', 'uxmal', 'uxmalyucatar', 'visityucatar', 'yucatar']",[],[]
68,"a group of men standing in a field, 1 9 8 9 movie still, snake is surrounding them, secret service photos, taken on a 1970s polaroid camera, found polaroid photo, in dusty open pit mine, hq 8k scan, tabloid photo, looks like audrey hepburn, at an archaeological dig site, martha rosler, paparazzi photograph",grupo hombre pie campo película snake rodea servicio secreto tomado cámara polaroid años foots polaroid mine dusty open pit mine scan tabloid audrey hepburn excavación arqueológico martha rosler paparazzi fotographing fotograph,307,227,"Hacia el sureste del Cementerio y suroeste del Gobernador, se puede ver la simbólica crestería del Palomar, que corresponde al período Puuc Tardío de Uxmal. Es única en su tipo y precisamente por su forma recuerda al término Puuc.

La construcción, que debió ser en realidad un conjunto residencial, incluye un templo cuyo techo se ha hundido, en el extremo poniente del conjunto, y u8na alta pirámide con santuario en la cúspide.

En el lado sur corre una crestería semiderruida y con agujeros, constituida por nueve secciones triangulares, con calado como nichos, de bordes escalonados, a la que el explorador Stephens bautizó como casa de los palomos, por la hilera de unas 40 pequeñas ventanas que la presiden. El techo se ha desplomado y deja ver, desde arriba, las paredes de varias habitaciones enfiladas, semejantes a celdas.
#uxmal #rutapuucyucatan #uxmalruins #visit_uxmal #visituxmal #visityucatan #visityucatán",sureste cementerio surote gobernador simbólica crestería palomar corresponder período puuc tardío uxmal única tipo precisamatere forma recordar término construcción debio realidad conjunto residencial incluir templo cuyo techo hundir extremo poniente conjunto alto pirámidir santuario santuario sur corre crestería semiderruida agujeros constituido secciones triangulares calado nichos bordes escalonados explorador stephens bautizó casa palomos hilera pequehas ventanas laviden techo desplomar deja ariba paredes hábitaciones enfiladas semejantes celdas uxmal rutapuucyucatar uxmalruins visit uxmal visituxmal visityucatar visityucat,924,634,"['uxmal', 'rutapuucyucatan', 'uxmalruins', 'visit_uxmal', 'visituxmal', 'visityucatan', 'visityucatán']","['uxmal', 'rutapuucyucatar', 'uxmalruins', 'visit', 'uxmal', 'visituxmal', 'visityucatar', 'visityucat']",[],[]
69,"a stone building, lost world pyramid, ancient pyramid, pyramid in background, ancient megastructure pyramid, pyramid, ancient ruins behind, taken on a 1960s kodak camera, pyramid portal, pyramids in the background, pyramid surrounded with greenery, ancient ruins in the background, vhs footage still, ruins in the background, taken on 1970s kodak camera",edificio piedra pirámidir mundo perdido pirámidir antiguo pirámidir fondo pirámidir megaestructura antiguo pirámidir ruina antiguo tomado cámara kodak años portal pirámidir pirámid fondo pirámidir rodeado vegetación ruina antiguo,353,229,Uxmal.. alguna vez pasaste por aquí?? @planetariomaya,uxmal pasaste,53,13,[],[],['planetariomaya'],[]
70,"a black and white photo of a building, monumental giant palace, yutja, tenochtitlan, 1920', 1920s archeologically photo, the imperial palace, 1 9 2 5, 1925, royal palace, 1 9 2 7, aztec architecture, brutalist aztec architecture, 1 9 2 8",blanco negro edificio palacio gigante monumental yutja tenochtitlan arqueológicamente palacio imperial palacio real arquitectura aztec brutalista aztec,237,151,"wow. recordar es volver a vivir, te gustaría una foto como esta?? justo nos encontramos en la parte superior de la plataforma del palacio del gobernador, justo ahora se encuentra en proceso de restauración.. ya conoces el nuevo pasadizo encontrado ??? #uxmal #maya #palaciodelgobernador #visit_uxmal",guau recordar volver vivir gustar justo encontrar superior plataforma palacio gobernador justo prociso restauracio conocer pasadizo enred uxmal maya palaciodelgobernador visit uxmal,299,181,"['uxmal', 'maya', 'palaciodelgobernador', 'visit_uxmal']","['uxmal', 'maya', 'palaciodelgobernador', 'visit', 'uxmal']",[],[]
71,"a street with a stop sign and a car on the side, empty road, unobstructed road, the road, on a road, long road, wide roads, highway, road, road between tall trees, long highway, empty road in the middle, advanced highway, roads, roadside, black road, highways, forest environment, lÃª long, open road",street with stop sign and car the sidir empty road unobstructed road the road road long road wide roads highway road road betwear tall trees long highway empty road the middle advanced highway roads roadsidir road highways forest environment láª long opir road,300,260,¿Que te parece pasar una tarde con tu familia o pareja dentro de esta hermosa ciudad maya?? Cuéntanos si tienes planeado visitarnos después de la contingencia .,pasar familia pareja hermoso ciuda maya cuenta yo planado visitarnos contingencia,160,81,[],[],[],[]
72,"a black and white photo of a building, by Tina Modotti, high walls, battlements with soldiers, maya temples, by Gilberto Soren Zaragoza, by Sergio LarraÃ­n, 1973 photo from life magazine, 1 9 7 3 photo from life magazine, by Grete Stern, by AndrÃ© KertÃ©sz, by Claude Cahun",blanco negro edificio tina modotti alto pared almena soldado templo maya gilberto soren zaragoza sergio larraín revista life revista life grete stern andré kertész claude cahun,273,176,"Si no me equivoco está esquina de la antigua Carr Mérida - Campeche fue una de las más concurridas,  paradero de autobuses en Uxmal. Hoy se observa vacío. Esperemos pronto volver a verlo lleno de viajeros ?? ?????? #uxmal #uxmal2020 #yucatán #visituxmal",equivocar esquina antiguo carr mérida campeche concurrido paradero autobuses uxmal observar vacío esperer volver ver él lleno viajeros uxmal uxmal yucat visituxmal,253,163,"['uxmal', 'uxmal2020', 'yucatán', 'visituxmal']","['uxmal', 'uxmal', 'yucat', 'visituxmal']",[],[]
73,"a woman in a dress and hat standing in front of a stone wall, aztec queen, ancient white dress, aztec empress, ancient ruins behind her, royal woman, queen of england, queen elizabeth, wearing a tudor style dress, lady diana, vintage royalty, dressed as a queen, in historic clothing, royal style, majesty in noble clothes, queen elizabeth ii, royal dress",mujer vestido sombrero pie frente pared piedra reina azteca vestido blanco antiguo emperatriz azteca ruina antiguo mujer real reina inglaterra reina isabel vestido estilo tudor diana regalía antiguo vestido reina ropa histórico estilo real majestuoso ropa noble reina reina eliz reanal royal,355,291,"Pasó el tiempo y la vieja mandó al Enano a la Casa del Gobernador de Uxmal a proponerle una competencia.

A pesar del temor que sentía el hijo, la insistencia de su madre fue tal que no tuvo más remedio. Te voy a retar a tres pruebas, le dijo el Gobernante, la primera: construye un camino blanco, largo, y recto. El Enano regresó corriendo a su casa llorando y pidiendo ayuda, su madre le aconsejó: regresa y pide al Gobernador que ponga la primera piedra en el camino, y verás lo que pasa. Y así lo hizo, el Gobernador puso la pesada piedra con mucho esfuerzo, y otro tanto hizo el Enano cuando llegó su turno. Asistido por los poderes mágicos de la vieja, el enano pudo completar el sacbé fácilmente, conectando la ciudad de Uxmal con la ciudad de Kabah.

El Gobernador, furioso con el Enano, le dio un segundo reto: esta noche debes levantar una casa más alta que ninguna otra del lugar; si no está terminada al amanecer, morirás. El enano regresó nuevamente a su casa llorando, pero su madre lo consoló y lo puso a dormir.

Al día siguiente el Enano despertó acostado sobre la pirámide más grande de del lugar, al ver la bella y alta estructura. El Gobernador, aún más furioso, hizo llamar al Enano para darle el tercer reto, ve por tres cocoyoles, le ordenó el Gobernador, nos golpearemos con esas duras semillas hasta que uno de nosotros triunfe. El Enano corrió a su casa y pidió ayuda a su mamá, quien le frotó una tortillita de maíz sobre la cabeza. Cuando regresó el Enano a ver al Gobernador empezaron a golpearse, el Gobernador rompió los tres cocoyoles en contra de la cabeza del Enano sin hacerle daño y, temeroso, pensó arrepentirse pero no pudo ya que todos sus súbditos lo miraban; no pudo más que someterse al turno del Enano.

Con mucha fuerza, el Enano rompió uno y dos cocoyoles en contra de la cabeza del Gobernador, y con el tercero finalmente lo mató. Todos lo declararon vencedor, y el Enano se convirtió en gobernante del lugar. #uxmal #visituxmal #uxmaltravel #yucatan",pasar tiempo vieja mandó enano casa gobernador uxmal proponere competencia temor sentir hijo insistencia madre remediio rettar pruebas gobernante construir camino blanco recto enano regreso corrido casa llorando pidiendo ayuda madre aconsejar regresiva pide gobernador ponga piedra camino verás pasar gobernador puso pesada piedra esfuerzo enano turno asistido poder mágicos vieja enano sacbé fácilmento conectando ciudad uxmal ciudad gobernador furioso enano reto debes levanton mása mátina nings nings ning lugar terminado amanece morirás enano regreso gobernador furioso llamar enano dar él tercer reto cocoyoles ordenó gobernador golpearer duras semillas triunfe enano correr casa pedir ayuda mamá frotar tortillita maíz cabeza regresó enano gobernador empezaron golpearse gobernador rompió cocoyoles cabeza enano hacer él daño temeroso pensar arrepeentirse quer hurto fuerza enano rompió cocoyoles conta cabeza gobernador finalme matar declarar vencedor enano convertir gobernante lugar uxmal visituxmal uxmaltravel yucatar,2008,1028,"['uxmal', 'visituxmal', 'uxmaltravel', 'yucatan']","['uxmal', 'visituxmal', 'uxmaltravel', 'yucatar']",[],[]
74,"a building with a mural on it, projection mapping, colored projections, colorful detailed projections, tenochtitlan, colorful projections, mayan style, projection design installation, aztec fantasy, mayan, in the art style of quetzecoatl, neon aztec, aztec mythology, inca style, mexican muralism ) ravi supa, quechua!",edificio mural mapeo proyección proyección colorida proyección detallado tenochtitlar proyección colorida estilo maya instalación diseño proyección fantasía aztec maya estilo artístico quetzecoatl neon aztec aztec mythology inca style muralism ravi supa quethua,318,261,"Uxmal, la tres veces construida.. pertenece al grupo de zonas arqueológicas llamada la Ruta puuc.. esto es por qué se encuentran localizadas sobre cerros.. visita Uxmal después de esta contingencia.. probablemente se habrá al público a inicios del mes de agosto.. estaremos compartiendo las actualizaciones de reapertura post covid 19",uxmal construida pertenecer grupo zonas aqueológicas llamada ruta puuc pore secuentran localizadas cerros cerros visita uxmal contingencia probable habablico inicios mes compartido actualización reapertura covid,334,211,[],[],[],[]
