descripcion_procesada_es,fuente,cluster,sentimiento,frame,subtopico,prompt_procesado_es
bienvenido world nueva era viajes aqui estamos listos ti,post,9,NEU,NEUTRAL,-1,
bienvenidos nueva era bienvenido nueva era via jar turismo,post,9,NEU,NEUTRAL,-1,
bienvenido nueva era disfrute 12 destinos increibles llenos experiencias desconecte inspirese maravillas naturales pero sobre celebra vacation wanderlust explore adventure beach life getaway bucket list,post,0,NEU,NEUTRAL,-1,
celebre mes orgullo estilo descansar tomar cocteles mientras descansa hamaca junto piscina rodeada belleza ilimitada hora crear recuerdos inolvidables persona especial pride month love is cove costa mujeres with pride,post,8,NEU,NEUTRAL,-1,
han contado sobre icono cancunense faro punta destaca entre aguas energizantes nuestras costas consideralo debe ser fotografiar durante proxima visita oido hablar lugar iconico faro punta c destaca medio aguas energizantes nuestra costa considerelo oportunidad fotografia imperdible durante proxima visita drone beach lighthouse,post,6,NEU,OPORTUNIDAD,-1,
llave felicidad hoteles altura muy cerca tienen relajarte entre lujo naturaleza brindandote escenario perfecto consentte clave felicidad autocuidado hoteles elevados muy cerca tienen ayudarlo relajarse medio lujo naturaleza proporcionando configuracion perfecta mimarse x spa luxury resort costa mujeres hotel,post,8,NEU,NEUTRAL,-1,
contamos unseco zona hotelera ademas hoteles altura gastronomia fusion aqui encontraras autennico sitio arqueologico maya rey agregalo lista lugares visitar contaremos secreto sobre zona hotelera ademas hoteles elevados cocina fusion aqui encontrara autentico sitio arqueologico maya rey agregalo lista lugares visitar drone rla eo logical site,post,7,NEU,NEUTRAL,-1,
todos somos amantes arte cuando trata galeria submarina bajo nuestras aguas energizantes encontraras musa hogar creativas esculturas han convertido parte ecosistema marino todos somos amantes arte cuando trata galeria submarina debajo nuestras aguas energizantes encontrara musa hogar esculturas creativas han convertido parte ecosistema marino diving underwater cuba diving,post,2,NEU,NEUTRAL,-1,
temprano aprende nunca olvida cebador familia aqui encontraran entretenimento todos gustos edades emperzando magicas hologragas aprende temprano nunca olvida primer familiar aqui encontraran entretenimiento todas edades gustos comenzando holograficas magicas beach family with kids resort,post,9,NEU,NEUTRAL,-1,
cada atardecer obra arte movimiento sin importar hora ni perspectiva joya caribena nos regala paisajes irreales puedes pasar alto cada sunset obra arte conmovedora importa tiempo perspectiva joya nos da regalo vistas irreales simplemente puede ignorar beach drone,post,6,NEU,NEUTRAL,-1,
buscando ese intenso color turquesa cancunense sigue leyendo playa marlin podras sorprenderte ese tono tan famoso caracteriza costas agregala imperdibles proxima visita buscas ese intenso color turquesa sigue leyendo play marlin sorprendera ese famoso tono caracteriza nuestras costas asegurese agregarlo lista deseos proximo beach play play marlin,post,6,NEU,NEUTRAL,-1,
sabes donde lleva canal sigfrido puerta entrada laguna ni chu pte cercania masestra mezclan distintos tonos verde azul sabes donde lleva canal sigfrido puerta entrada nichupte lagoon proximidad muestra hermosa mezcla varios tonos verde azul lagoon,post,2,NEU,NEUTRAL,-1,
disfrutaras vacantes sonadas turquesa hoteles altura cuyo objetivo consentimiento gastronomia fusion esto mucho vera ya tienes reservado vuelo desconectado disfrutara vacaciones suenos turquesa hoteles lujo dedicados mimarte cocina fusion esto mucho espera ya reservado vuelo resort luxury resort,post,8,NEU,NEUTRAL,-1,
destino ideal visitar familia prueba ello isla contoy cercano cuyas son lugar seguar seguro ninos tranquilo cristalino poco profundo reserva tour preparate vivir dia registroaran siempre destino perfecto visitar family is lac on toy muy cercano prueba ello ya son lugar seguro ninos ya tranquilo cristalino superficial reserve recorrido preparese dia recordara siempre insta wanderlust family,post,9,POS,NEUTRAL,-1,
tiene reserva proximo enamamara holografica aventuras alta velocidad puesto enigmatica historia tiene reserve proximo hara enamorarte holograficas aventuras alta velocidad y supuesto enigmatica historia insta wanderlust,post,9,NEU,NEUTRAL,-1,
arte oceano entre aloja musa museo espectacular subacuato 500 piezas arte qe fusion naturaleza expansiva arte oceano entre musa espectacular museo submarino 500 piezas arte fusionan naturaleza expansiva insta wanderlust musa underwater museum scuba,post,2,NEU,NEUTRAL,-1,
lleno color desde azul verde susglares mezcla aquellos encuentras hermosos mural centro lleno color desde azul verde an gros mezcla encuentras hermosos murales centro photo rafahbstarc,post,2,NEU,NEUTRAL,-1,
desea alejarte decide explorar alrededores visitas dudes descubrir tambien isla pasion pequeno islote cercano cuyo mayor atractivo total tranquilidad naturalza virgen quieres alejarte decide explorar alla proximo le sucede dude descubra tambien isla pasion pequeno islote cercano cuya atraccion principal paz total entorno natural injusto insta wanderlust arad mir arcu idar hol box,post,6,NEU,NEUTRAL,-1,
destino amantes comida proximo tambien debe incluir vivir culinaria sin iguual conoce traves sabores destino food ies proximo tambien tiene incluir tener culinaria incomparable conozca traves sabores reels food ie food seafood food reels restaurant,post,9,NEU,NEUTRAL,-1,
medida tendencias toman nuevo giro emocionante summer banado sol continua capturando pasion viajes mundo segun economics institute ha solidificado posicion quinto destino buscado nivel mundial temporada soleada nueva era mientras tendencias vije toman emocionante giro vera no sol playa continua cautivando interes mundo ha consolidado posicion quinto destino tendencia nivel global temporada verano segun informe economics institute era nueva,post,6,NEU,NEUTRAL,-1,
fuiste bueno nosotros swimsuit swim 60,post,9,NEU,NEUTRAL,-1,
entre mejores mundo estan privilegida posicion les concede atractivo natural haciendo nuestro destino capital azul turquesa entre mejores mundo estan ubicacion privilegiada les otorga atractivo natural hace nuestro destino sea capital turquesa blue drone,post,8,NEU,NEUTRAL,-1,
colores texturas arte local centro encontaras tupo artesanias llevar souvenir cuando regresa casa cual llevas colores texturas arte local centro encontrara tipo handicrafts llevar casa recuerdos cual tomaras mercado 28,post,7,NEU,NEUTRAL,-1,
descubre sececores cultura maya alla rumbo podras apreciar pequera pero muy importante zona arqueologica cual vale pena recorrer ya conoces elm eco comenta descubre secretos cultura maya alla camino encontrara pequeno pero muy interesante rla eo logical site vale pena echarle vistazo ya ha visitado meco comparta comentarios world h heritage pre hispanic o,post,7,POS,NEUTRAL,-1,
buenos dias admirar amanece debe estar bucket list colores pintan cielo reflejan agua hijo simplemento fascinantes buenos dias admirar amanecer debe estar lista deseos colores pintan cielo reflejados agua son simplemente fascinantes punta dronecancun sunrise drone,post,6,NEU,NEUTRAL,-1,
verdadera joya exuberantes bosques selvas tropicales virgenes tambien habia escenario perfecto esperando ser capturado telon fondo nuestra sesion fotos trajes bano ver estamos hablando dirijase enlace nuestra biografia,post,6,NEU,NEUTRAL,-1,
embarcate odisea culinaria multidimensional mientras descubres nueva era dimensiones tiempo origenes emociones propositos dimensiones personalidades sembraron cosecharon elaboraron bienvenido world emprende odisea culinaria mientras multidimensional descubres era nueva era dimensiones tiempo origenes epocionos profositos dimensiones personalidadas sembraron cosecharon cearon bienvenido at of,post,9,NEU,NEUTRAL,-1,
luna miel tropical explora alla descubre persona favorita otrro destino perfecto vivir romance holograficas naturaleza expansiva amaneceres caleidoscopicos reforzaran conexion enamamaran aun explore alla descubra persona favorita otro destino perfecto experimentar romance beaches holograficos naturaleza expansiva amaneceres caleidoscopicos fortaleceras conexion enamoraras aun 2 horas tulu m reels tulu m couple goals,post,4,NEU,NEUTRAL,-1,
concepto estrellas punto obtener nuevo significado primera seleccion guia michelin llevara cabo noche estamos muy emocionados ver lista completa nuevos restaurantes michelin guide michelin star 24,post,9,NEU,NEUTRAL,-1,
llevamos golf otro nivel innovadores disenos campos golf son reconocidos fusionarse majestuosos escenarios naleses dale ya quieres venir perfcionar swing llevamos golf otro nivel disenos innovadores campos golf son reconocidos combinar majestuoso paisaje natural golpea estas listo venir perfeccionar swing reels golf,post,6,NEU,NEUTRAL,-1,
ven enamorate color turquesa ofrece increible vista hacia desde diversos puntos zona hotelera deja comentarios destino pronto traiga hasta aqui ven enamorarte color turquesa ofrece vistas increibles sea diferentes lugares largo hotel zone deja comentarios destino pueda traerte aqui pronto reels drone,post,6,NEU,NEUTRAL,-1,
creeando memorias inolvidables dias playa son ideales compartirlos pequenos familia tal hizo traveler cuando paso senorana hija playa caracol creacion recuerdos inolvidables dias playa son perfectos compartir pequenos familia igual traveler hizo cuando paso manana hija play caracol with kids,post,4,POS,NEUTRAL,-1,
receta infalible contra estres 1 toma vuelo 2 pasa dia alberca 3 toma foto recuerdo listo alivio estres infalible 1 tome vuelo 2 pase dia piscina 3 tome foto album memoria hecho insta wanderlust lifestyle,post,9,NEU,NEUTRAL,-1,
nuestro testigo tan profundo e infinito asi romance escenario ideal historia amor dia inolvidable sea nuestro testigo tan profundo e infinito tambien romance escenario ideal historia amor dia inolvidable reels wedding,post,4,POS,NEUTRAL,-1,
luce diferente desde alturas torre e scenic ofrece vista 360 80 metros atruro admira hermoso escenario desde perspectiva diferente diferente arriba pintoresca torre le ofrece vista 360 262 pies altura puede admirar hermoso escenario desde perspectiva diferente reels,post,6,NEU,NEUTRAL,-1,
sal explora joya natural hacia sur dale sabias anka an significador origen cielo may sin duda gran nombre paraina terrenal hermosa reserva natural explore alla sal descubre joya increible sur toque ya sabias sian ka an significa origen cielo maya sin lugar dudas gran nombre terrenal hermosa reserva natural 2 horas 30 min anka an reels anka an biosphere s iaka an tulu m,post,7,NEU,NEUTRAL,-1,
bienvenidos fascinantes tonos azules reciben llegada anunciando paradisiacos dias esperan aqui qe destino podria emocionarte verlo desde ventana avion bienvenido fascinantes tonos azules saludan llegada anunciando dias tropicales delante ninguna otra destination puede emocionarte verlo desde ventana avion reels,post,6,NEU,NEUTRAL,-1,
adios hasta proximas vaca ci ones ese momento mirar ventana avion ves comienzas cuenta regresiva dia i cuastas veces tiene estado adios nos vemos proximas vacaciones cuenta regresiva comienza justo cuando miras ventana avion ves cuantas veces estado reels,post,9,NEU,RESPONSABILIDAD,-1,
mayor aventura llegar porque hay mucho ver asombrate descubriendo zona arqueologica san miguel i to dentro museo maya hay mucho ver sorprenda descubrir arra eo logical site san miguelito dentro may museum rafahbstarc may culture,post,7,NEU,NEUTRAL,-1,
dias piscina alejar estres dibuja sonrisa disfrutar dia electrico dias piscina mantienen estres alejado sonrie mientras disfruta dia relajese modo,post,1,NEU,NEUTRAL,-1,
tienes dudas relajate disfruta esdinos experimencia vije convierte algo holistico aqui encontaras sensacionales resorts repletos donde experimentar adestar artistica espiritual destinos convierte holistic aqui encontrara resorts sensacionales llenos lugares donde puede experimentar despertar artistico espiritual play adel carmen,post,6,NEU,NEUTRAL,-1,
felicidad viene olas intensos tonos azul turquesa combinan lucir fragmentos cielo tierra estas esperando venir felicidad viene olas tonos azules turquesa intensos combinan verse fragmentos cielo tierra estas esperando estar aqui drone,post,6,NEU,NEUTRAL,-1,
lugar imperdible amantes buena comida gran oferta gastronomica puede presumir ser villa pesquera toda suculenta gourmet buen provecho lugar imperdible amantes comida gran oferta cul in aria puede presumir ser pueblo pesquero suculenta gourmet buen provecho food ie,post,2,NEU,NEUTRAL,-1,
terapia mejor forma descubrir sumergirte cristalinas aguas son perfectas hacer snorkel disfruta paseo tambien sobre agua dando tour catamaran terapia mejor manera descubrir sumergirse aguas cristalinas son perfectas snorkel disfrute tambien agua haciendo gira catamaran,post,2,NEU,NEUTRAL,-1,
vive vida suenos caribenos desde reconocidos lujosos resorts hasta exoticos bohemios alojamientos tiene aqui descanso tanto anhelas vive vida suenos desde resorts renombre lujosos hasta alojamientos exoticos bohemios tiene aqui r ha estado anhelando tulu m,post,4,POS,NEUTRAL,-1,
tienes lito dia playa prepara nosotros disfrutar maximo dia traje bano lentes sol buen spot junto albera estas listo dia playa preparese nosotros traje bano gafas sol buen lugar junto pool lifestyle,post,1,NEG,NEUTRAL,-1,
1970 cambio proyecto turismo importante meicico cobraba vida hoy 54 anos desesperados corazon vibrante sigue sido referente vijeros mundo feliz aniversario 1970 cambio proyecto turistico importante cobro vida ahora 54 anos despues corazon vibrante todavia cautiva viajeros todos rincones mundo feliz aniversario filmoteca espanola,post,9,POS,NEUTRAL,-1,
suena colores isla tropical menos 30 minutos caribena complementa tranquilidad brindan manchas double tap ya tiene visitado isla suena colores isla tropical menos 30 minutos complementa tranquilidad doble toque ya estado aqui isla mujeres,post,6,NEU,NEUTRAL,-1,
momentos inolvidables familia madre viajar hijos significar podras cumplir esa mision madre viajar hijos significa querer puedes cumplir esa mision riviera may,post,4,NEU,NEUTRAL,-1,
necesitas animate explorar fondo cambio recibiras magnifica recompensa sin duda alguna obras musa son algo necesitas atrevete explorar fondo y cambio recibiras magnifica recompensa sin lugar dudas obras musa son electrico electronico electrico free diving,post,2,NEU,NEUTRAL,-1,
habitaciones asueno cuando visita reserva habitacion ofrezca hermoso paisaje espertar paroder sentir cerca isla ubicada poco menos 3 horas poscun objetivos vista dormitorio cuando reserve habitacion le ofrece hermoso landscape cuando despierta pueda tener sensacion cercana electrica hotels reels,post,6,NEU,NEUTRAL,-1,
equilibrio perfecto unvo play intenso color azul turques otro mistica laguna rodada hermosos manglares verdes double toque tambien paisaje favorito equilibrio perfecto lado beach intenso azul turquesa otro lado laguna mistica rodeada hermosos manglares verdes doble toque paisaje favorito tambien,post,2,NEU,NEUTRAL,-1,
snack hora muy comun pequenas aves martin pescador buscando alimento entre manglares laguna ni chu pte abre bien ojos durante recorrido kayak tiempo bocadillo muy comun ver pequenos martines buscan comida entre manglares ni chu pte lagoon mantenga ojos bien abiertos durante kayak tour birdwatching,post,1,NEU,NEUTRAL,-1,
dejate llevar olas maneja jet ski entre olas hermoso cual dejara sin aliento gracias mientras disfrutas belleza azul turquesa menciona companeros aventuras viviran contigo vamos montar algunas olas conduce moto agua traves olas hermoso dejara sin aliento mientras disfruta belleza azul turquesa mencione companeros aventureros compartiran usted reels,post,0,NEU,NEUTRAL,-1,
relato paz tranquilidad proximas vaca ci ones sera muy sencillo disfrutar alberca hotel donde ademas podras aprovechar comodidades descansar plenamete hizo momentos pacificos lifestyle,post,6,NEU,NEUTRAL,-1,
escapada perfecta playa sin duda alguna iconicas ofrecen mejores escenarios disfrutars esas vaca ci ones tanto tiene sonado ya empezaste planear proximo iconicas ofrecen mejor configuracion disfrutar esas vaca ci ones ha estado sonando ya ha comenzado planificar proximo couple goals,post,6,NEU,NEUTRAL,-1,
estas paso sumergirte azul otor lado portal espera diversion sol turquesa infinito hara latir corazon ritmo olas nueva era aqui tienes vivirla,post,0,NEU,NEUTRAL,-1,
luxe s hijo guardianes tierra tenemos casa delos luxe s cuenta leyenda maya protectores estos pueden llegar ser traviesos pero eso dejan ser buenos tienen costumbre aydar personas segun trato sabias ellos fb mega noticias iso play luxe s,post,9,NEU,RESPONSABILIDAD,-1,
sabes hijo pescadillas hijo antojitos marinos despiertan sentidos imagina tortilla maiz doblada carino rellena pescado guisado luego sumerge abrazo dorado aceite calite hasta volve crujiente dorada sencillamee delicia fb cocinero prociso fiest fritanga zona hotelera iso pes cad ill as,post,1,NEU,NEUTRAL,-1,
slipe sumergirse nuestro primer itinerario isla salta bulliciosas vibraciones belleza serena atractivo exclusivo encantador hemos curado guia perfecta aventura familia espanol visita rafahbstarc discover isla mujeres costa mujeres hol box family adventure awaits,post,1,NEU,NEUTRAL,-1,
laguna nichupte vista fuego esmeralda ultimos rayos acargaro piel agua versos escritos dioses xibalba iso play laguna itch up,post,2,NEU,NEUTRAL,-1,
dejate seducir magia nocturna sumelgete mundo luces brillantes ritmos caribenos risas contagian tierra noche cobra vida manera unica estas listo vivir inolvible esperes unete fiesta iso play fiesta noche,post,0,POS,NEUTRAL,-1,
conocido popular glorieta ceviche monumento alza sobre glorieta avenidas tulum coba corazon fantasia caribena nombre fue disenada 1994 talentosa escultora neoyorquina lorraine pinto obra arte muy conoces fb cuvica iso play,post,9,NEU,NEUTRAL,-1,
escapate tropical donde puedas disfrutar naturaleza gastronomia mejores mundo vive oasis tranquilidad vista posible fb hilton incluido iso play,post,8,POS,NEUTRAL,-1,
sabias museo may obras museisticas importantes in aqui podras ver porcion colecion piezas mayas ademas podras disfrutar diseno vanguardista sutorno natural incluye zona arqueologica san miguel i to visitalo dejate sorprender cultura museo,post,7,POS,NEUTRAL,-1,
pierdas fiesta viviras ritmo dela isla uno clubs grandes america latina diversion asegurada ven explor newevas sensaciones diversion play fiesta nightlife,post,1,POS,NEUTRAL,-1,
fuerza tener cuenta mundo belleza modelo creador contenido queen dejando impresionante marca iconico numero 60 aniversario swim beauty,post,5,NEU,RESPONSABILIDAD,-1,
fuerza tener cuenta mundo belleza modelo creador contenido queen dejando impresionante marca iconico numero 60 aniversario swim beauty,post,5,NEU,RESPONSABILIDAD,-1,
descubre magia golf vive momentos inolvidables familia perfecta combinacia naturaleza deportacion momentos inolvidables esperamos disfrutar juntos emocion deporte unico entorno eppectacular golf familia iso,post,4,POS,NEUTRAL,-1,
palm city vuelos mcallen despegaran julio cambie palmas texas olas planifique mejor escape verano dejes pasar vuelo aventura solo reserva distancia palm city to summer in vol aris mcallen texas to texas mcallen tx explore mcallen,post,0,NEU,NEUTRAL,-1,
listo escape seguimiento play marlin invita disfrutar arena suave cristalino certificante bandera azul cadada detalle cuidado ofrecte experimencia unica sostenible haz vacantes unica iso play escape tropical,post,1,NEU,NEUTRAL,-1,
entra lujoso lado selecciones superiores costrado mejores hoteles spas donde lujo incomparable cumple espiritu vibrante listo actualizacion diario vacaciones suenos espera gema spa top hotels,post,8,NEU,NEUTRAL,-1,
gustaria comparto dia playa amigo peludo puedes perder oportunidad visitar play coral permite entrada mascotas pieses ven divertinte arena mejor amigo pet friendly play,post,1,NEU,OPORTUNIDAD,-1,
carnaval fue fiesta alegria musica color varios dias diversion artistas internacionales carros alegoros comarsas asi vivio evento lleno magia carnaval fiesta nos une listo proximo ano carnaval reina carnaval diversion celebr aci on,post,4,NEU,NEUTRAL,-1,
espera transformar dia san valentin inolvidable amor friendhip aventura deslice tranquilas aguas ni chu pte lagoon gira fiesta noche atardecer alimente estilo etiqueta escuadron aventuras valentines day romance v day,post,1,NEU,NEUTRAL,-1,
quien necesita san valentin cuando puedes tener aventura escuadron etiquete equipo morir planifique chicas definitivas absorber sol beber cocteles hacer recuerdos duren toda vida empaca maletas deja comience aventura best friends valentine happy squad,post,9,NEU,NEUTRAL,-1,
celebemos excelencia hospitalidad estamos emocionados anunciar varios nuestros reconocidos hoteles spas ha sido galardonados prestigioso premio reconocimiento destaca compromiso excelencia servicio adaptandosa gustos preferencias viajeros hoy premios star awards reconcocen mejor mejor estamos encantados formar parte lista selecta felicidadas nuestros ganadores ft g star awards forbes tel vel guide ft g star recon o cimi to riviera may,post,9,NEU,RESPONSABILIDAD,-1,
sol futbol mejor destino amantes deporte ya sea prefiera partidos junto playa juegos estilo libre tenemos tono perfecto juego unase nosotros juego vida freestyle soccer sports beach,post,4,POS,NEUTRAL,-1,
sabias nombre san miguel i to viene rancho copero aunque historia mucho antigua fascinante conoce palacio chaac entierros artefactos encontraron san miguel i to sitio arqueologico ti palacio cha ac,post,7,NEU,NEUTRAL,-1,
disfruta deliciosa cena laguna fondo ultimos rayos atardecer haciendota compania encontraras lugar perfecto escapar rutina relajarte entorno natural buque sabroso vamos gas trono mia vista suni cas,post,6,NEU,NEUTRAL,-1,
diga i do mejores mundo encontraras desde hoteles lujo hasta lugares intimos romanticos donde puedes pasar noche suenos frente estamos esperando wedding day,post,9,NEU,NEUTRAL,-1,
eres fanos futbol quieres vivir pasion ven conocer estadio olimpico andres hogar campeones disfruta fiesta pambolera tiene ti descubre lado deportivo futbol deportes iso,post,4,NEU,NEUTRAL,-1,
muchas gracias todos asombrosos atletas mundiales todas edades unieron nosotros festival clase mundial pasion ha dejado marca momentos llenos adrenalina inspiracion desafios significativos gracias tambien todos patrocinadores entusiastas espectadores unieron nosotros primera edicion aguas cristalinas puerto felicitaciones todos ganadores van casa premios medallas nos vemos pronto mayan wind fest isla mujeres,post,0,NEU,NEUTRAL,-1,
tos fin semana experimento mayor evento sailing alrededor 500 atletas mundiales wing foil kite surf windsurf optimist il ca nos mostraron habilidades espectacular cta ribe an sea revive tres dias adrenalina emociones logros mayan wind fest isla mujeres,post,0,NEU,NEUTRAL,-1,
imaginas disfrutar hermosas mundo puedes admirar color turquesa arena blanca sol radiante tiene estamos esperando water beach,post,6,NEU,NEUTRAL,-1,
wow energia gracias todos qe nos acompararon le dieron ese toque especial nos encantaria repetir asi invitamos vuelvan visitarnos donde viento siempre nos llevara nueva aventuras hasta proxima mayan wind fest deportes aventura,post,0,NEU,NEUTRAL,-1,
aplausos conquistadores habilidades agua son dignas leyenda viento fue aliado ustedes dominaron estilo sigan surfeando alto gloria pierdan proxima ola aventuras mayan wind fest bac lar isla mujeres,post,0,NEU,NEUTRAL,-1,
mejores trucos vela wind estan hoy utimo dia disfrutar competencias freestyle paradisiacas traen ti esperamos puerto mayan wind fest bac lar isla mujeres,post,0,NEU,NEUTRAL,-1,
estas listo fiesta increible vida clubes nocturnos espectaculares esperan donde puedes sentir adrenalina emocion diversion autentica fiesta tropical realmente puedes perder nightlife party tropical fun,post,6,NEU,NEUTRAL,-1,
brilla premios travelers choice awards ocupo puesto 7 25 destinos principales mundo numero 1 top 10 muchas gracias todos viajeros hicieron esto posible pierdas experimentar trip advisor top destination best of t rave award recon o cimi to,post,9,NEU,NEUTRAL,-1,
hicimos nombrado destino 1 travelers choice desde nuestras impresionantes hasta nuestro rico patrimonio cultural extranar viajeros nos aman sumergete aguas cristalino explora ruinas mayas misticas absorbe sol mejores listo vacaciones suenos espera ntop destination travelers choice,post,0,NEU,NEUTRAL,-1,
descifra senales playa banderas solo son coloridas tambien dicen sobre clima bandera verde gential tranquilo perfecto zambullirte relajarte maximo bandera amar ill corrientes olas traviesas puedes nadar pero cautela cerca orilla arriesgues bandera ro j alerta maxima peligroso mejor aventures pero preocupes tiene mucho ofrece explora centro degusta deliciosos platillos restaurantes encantadores diversion tiene licites fb proteccio civil guri dad in for mac ion,post,1,NEU,NEUTRAL,-1,
quieres sentir libertad volar sobre agua entonces wing foil buscas tabla ala podras deslizarte facilidad elegancia costas ultima tendencia deportes acuicos garantizamos enmarara esperas ven descubrirlo 19 21 enero www mayanwindfest com puerto bac lar cozumel mayan wind fest,post,0,NEU,NEUTRAL,-1,
conocida playa mirador entre locales ofrece vistas panoramicas toda costa iconico letras disfruta palapas publicas juegos infantiles eres fit tambien gimnasio ecologico esperamos play adel fines unica play iso no joy coster,post,1,NEU,NEUTRAL,-1,
oido hablar manglares ni chu pte estos manglares son esenciales equilibrio ecologico region contribuyen calidad agua proteccion arrecifes coral respeta cuidalos podamos disfrutar belleza biodiversidad fb zofemat benito juarez mangroves biodiversity,post,1,NEU,NEUTRAL,-1,
ha lllegado increible esperamos junto 19 21 enero disfruta mejores competencias acuticas mejores cons mejores atletas mez cici co mundo 19 21 enero mayanwindfest com puerto bac lar cozumel mayan wind fest,post,0,NEG,NEUTRAL,-1,
sabias pueden ganar premios blue flag programa reconoce destinos costeros mundo cumplen altos estandares calidad ambiental educacion seguridad e higiene tenemos varias certificacion playa delfines playa coral playa marlin entre muchos otros visitelos proximo nuevo in o,post,1,NEU,NEUTRAL,-1,
atribuye desafiar viento entonces kite surf deporte tabla cometa muy adrenalina podras vivir experiments unicas sobre agua saltos giros piruetas posible kitesurf piezas ven probarlo 19 21 enero mayanwindfest com puerto bac lar cozumel mayan wind fest kite surfing,post,0,NEU,NEUTRAL,-1,
concon ganas caminar rato malecon espacio frente laguna nichupte donde podras respirar aire puro hacer ejercio meditar convivir familia tambien mascotas esperamos ryanbeers02 natural eza rel ajac ion,post,1,NEU,NEUTRAL,-1,
inicia ano 3 recomendaciones play adel fines famosa ser mirador no tambien gimnasio ecologico play marlin lugar perfecto sentarte rato palapas publicas mientras vives caribena oleaje intenso divertido play aga v iota azul justo frente plaza forum deleitara cristalino oleaje similar alberca cual conoceras primero discoverragain nueva,post,1,NEU,NEUTRAL,-1,
hora decir bye 2023 pase mejor momento vida increible barra jungla ritmos dj cierre ano style new year ele b ration,post,9,NEU,NEUTRAL,-1,
recap 2023 revivamos juntos momentos inolvidables 2023 desde olas azules hasta noches vibrantes cadada recuerdo llamara volver solo faltas 2023,post,9,NEU,NEUTRAL,-1,
cura mal ya nos vas visitar iso tropical diversion,post,6,NEG,NEUTRAL,-1,
pierdas eppectacular emocionante evento tres dias llevara cabo paradisiacas ven vivir intensas competencias acuticas incluyendo optimista ilca kitesurf wingfoil windsurf pierdas oportunidad ver mejores atletas mundo accio 19 21 enero mayanwindfest com puerto bac lar cozumel mayan wind fest,post,0,NEU,OPORTUNIDAD,-1,
amor risa telon fondo perfecto playa hacen realidad boda suenos feliz siempre comienza lovestory romance,post,4,NEU,NEUTRAL,-1,
fuiste hueno travieso ano compartenos qe regalo santa claus navidad navidad tropical regal os in ol vid able s,post,9,POS,NEUTRAL,-1,
ano cambia frio calor diversion bajo sol navidad vive arena entre dedos sonrisas doquier navidad navidad tropical,post,1,POS,NEUTRAL,-1,
lleve modo vacaciones siguiente nivel retiro spa rejuvenecedor jacuzzis e hidroterapia merece escape hidroterapia espera reserve ahora deje estres lave spare treat luxury relaxation,post,8,NEU,NEUTRAL,-1,
preparado disfrutar mejor aventura nautica 19 21 enero www mayanwindfest com puerto bac lar cozumel mayan wind fest,post,0,NEU,NEUTRAL,-1,
inicamos reso luci ones cadada dia nuevo objetivo vije disfrutar increibles destinos 1 boulevard kuku lk an late vibrante corazon centro descubiras mundo posibilidades desde compras fascinantes hasta entretenimiento experiencias gastronomicas memorables telon fondo lujosos resorts frente listos dejar inspire ano shopping gas trono mia cultura,post,9,NEU,NEUTRAL,-1,
ya sabes donde vas cenar navidad nuestros amigos tienen lugar perfecto disfruta platillos cocteleria inspirados reserva ahora vive magia fiestas gas trono mia fiestas navi den as,post,9,POS,NEUTRAL,-1,
san miguel i to nombrado honor pintoresco rancho cocotero adornaba zona anos 50 siglo xx cuando era apenas acogedor pueblo pescadores sumergete pasado descubre sabiduria ancestral zona arqueologica san miguelito historia ar quite c tura,post,7,NEU,NEUTRAL,-1,
llamando estamos respondiendo solo corto escapada tropical estado sonando empaca maletas deja comience aventura 1h 50 min escape to tulu m adventure,post,9,NEU,NEUTRAL,-1,
vive dia lleno diversion e emocion tirolesas cuatrimotos cenotes lugar perfecto amantes aventura ven parte emocionante 1h xp lor aventura total,post,6,NEU,NEUTRAL,-1,
empezando parecerse mucho christmas van decoraciones aqui hay inspiracion celebracion tropical vacaciones solo vuelo distancia holiday decorations,post,6,NEU,NEUTRAL,-1,
preparate celebracia epocionante cultura deporte mayan wind fest siente energia viento espiritu maya mientras mejores atletas kite surf windsurf wind foil sailing demurestan habilidades contra telon fondo aguas cristalinas marca calendario 19 21 enero puerto pierdas oportunidad participar mayor festival deportes nauticos america mayan wind fest isla mujeres bac lar cozumel,post,0,NEU,OPORTUNIDAD,-1,
fe cultura entelazan mosaico devocion celebracion virgen guadalupe morenita tepeyac trasciende cotidiano transformando nuestras calles tapiz colores sonidos cantos gratitud esperanza invitamos conocer sumergirte atmosfera unidad celebracion nacional virgen guadalupe fey cultura tr adic ion mexicana,post,4,NEU,NEUTRAL,-1,
fue testigo eleccion novato ano coctel ademas carrera modelaje nicole williams empresaria madre hizo impresionante sesion fotos edicion swim swit ano mientras estaba embarazada siete meses junto otros modelos nicole participara edicion especial 60 aniversario ano swimsuit rodeada belleza natural destinos elegidos iconica magazine felicitaciones reconocimiento testimonio dedicacion pasion exito muchas facetas vida isla mujeres puerto morelos,post,9,NEU,NEUTRAL,-1,
tiene necesitas inolvidable hijos encontraras receta perfecta felicidad familia haz maletas crea recuerdos duraran toda vida diversion segura da aven tuas jun to s,post,4,NEU,NEUTRAL,-1,
ok pero vista supera todas expertivas cuando vas venir disfrutarla vista suni cas,post,6,NEU,NEUTRAL,-1,
madre emprendedora modelo nuestro novato ano 2023 ano despues impresionante sesion fotos novato siete meses embarazo ano pasado numero 2023 nicole williams english regreso regreso paginas swimsuit numero 60 aniversario mientras nicole resto equipo trajes bano estaban ocupados preparandose hacer magia sesion reunio celebracion perfecta sorpresa nicole cuando aterrizo esten atentos ver dulce celebracion dirijase enlace nuestra biografia leer sobre swimsuit hasta ahora swimsuit swim kemp in ski hotel kemp in ski hotels c in nun is am lama mule lu puerto morelos,post,9,NEU,NEUTRAL,-1,
invita conquistar aguas cristalinas kitesurf ofrece leciones alquiler venta equipos desfrutes desafio lleno diversion paisajes ensueno kite surf aventura cu tica,post,0,NEU,NEUTRAL,-1,
aqui sol siempre brilla llama sol abraza hay heno prisa solo buenas vibras i soter renal,post,1,NEU,NEUTRAL,-1,
siente ritmo donde diversion nunca detiene elija favorito neon pink jungle white party nos vemos pista baile ri u party vibes getaway,post,9,NEU,NEUTRAL,-1,
madrugador obtiene pez ambos tienen momentos inolvidables tropical conectemos algunos recuerdos juntos fishing watersports,post,9,NEU,NEUTRAL,-1,
haz dia algo extraordinario explorando exposicion cada craneo cuenta historia unica captura esendia me ici co listos llenar feed arte hasta 15 dic 2023 luxury ave playa langosta fueron reubicados plaza isla fb asociatura hoteles puertos morelos e isla mujeres mex ic rano s art ey color,post,9,NEU,RESPONSABILIDAD,-1,
tiene escuadron completo estos frios adoradores sol mantenga ojos bien abiertos estos pequenos vecinos reptiles atrevidos lizard spotting wildlife,post,1,NEU,NEUTRAL,-1,
acuico tiene estado buscando lugar tiene amantes pierdas oportunidad disfrutar inolvable agua e moci onesa cu at as diversions in limites,post,6,NEU,OPORTUNIDAD,-1,
ha comenzado oficialmente eche vistazo ceremonia inauguracion preparese navegar traves estilo tecnologia maravillas maritimas 1 3 dic 2023 gos marina puerto cibsme com event tickets sea adventure marine life,post,0,NEU,NEUTRAL,-1,
pov puedes esperar ver azules azul iso player o,post,1,NEU,NEUTRAL,-1,
quemar calorias vista insuperable vamos arenar sudorar juntos fitness lifestyle break limits,post,3,NEU,NEUTRAL,-1,
vitamin ad debe aparta siganientes vacantes ventilacion renovar energia dias sole dos hora do rada,post,9,NEU,NEUTRAL,-1,
triba tripulacia listos zarpar aventura convertirte pirata noche gusta travesias epicas barcos ti exp erie nci pirata aventura marina,post,1,NEU,NEUTRAL,-1,
gracias hacer fin semana recordar gracias todos cada uno ustedes sesiones inspiradoras especialmente nuestros instructores dedicados presencia agrego magia especial y 2023 y yoga,post,9,NEU,NEUTRAL,-1,
deje soltar vivir buena vida beba yardas exclusivas disfrute platos frescos sin juicio solo pura diversion nightlife sen or frog start y,post,1,NEU,NEUTRAL,-1,
gracias increible energia comartida primeros dos dias juntos creamos espacio lleno paz conexion nos vemos manana nuestro ultimo dia y 2023 y yoga,post,9,NEU,NEUTRAL,-1,
atardeceres hijo tan bronce momentos pasas familia familia momentos in ol vid able s,post,4,NEU,NEUTRAL,-1,
mat energias positivas estan listos ustedes manana nos sumergiremos unica yoga nos llenara paz energia encuentrodeyoga com 10 12 noviembre 2023 yoga bien estar cue tro nacional yoga,post,3,NEU,NEUTRAL,-1,
ya sea sea novato profesional patio turquesa abierto accion alto vuelo vamos cometerlo adrenaline rush wind and waves,post,0,NEU,NEUTRAL,-1,
cuenta regresiva sigue avanzando solo faltan 2 dias sumergirnos juntos serenidad auto descubrimiento nuestro encuentrodeyoga com 10 12 noviembre 2023 yoga bien estar cue tro nacional yoga,post,3,NEU,RESPONSABILIDAD,-1,
acerca queremos pierdas ni minuto increible aqui dejamos mini lista verificacion prepare pro encuentrodeyoga com 10 12 noviembre 2023 yoga bien estar cue tro nacional yoga,post,3,NEU,NEUTRAL,-1,
quieres aventura digna insta nade esculturas tipico museo patio arte acuatico underwater art underwater exploration,post,2,NEU,NEUTRAL,-1,
solo quedan 5 dias sumergirnos paz energia nos brinda hermoso lugar encuentrodeyoga com 10 12 noviembre 2023 yoga bien estar cue tro nacional yoga,post,3,NEU,NEUTRAL,-1,
excelente pov iso,post,9,NEU,NEUTRAL,-1,
,descripcion,4,POS,NEUTRAL,-1,vestido rojo lizzo editorial revista vogue editorial vogue modelo tamano seductora revista vogue impresionante princesa africana adut akech reina africana tala grande pose brazos felices talla grande tamano femenina portada revista vogue albobon rococo negro red seda
,descripcion,1,NEU,NEUTRAL,-1,arbol navidad medio estanque arbol navidad adornos luz temporada vacaciones noche navidad festiva iluminacion local ambiente navideno mexico luces navidad luces estan encendidas enorme arbol plateado hermoso arbol adorno simetrico luces led grandes ancho estronachista atmosfera festiva decoraciones
,descripcion,3,NEU,NEUTRAL,-1,campo golf ocean club campo golf jamaica campo golf bunkers colores jamaica fama verde perfecta verde caribeno magica palma muy hermoso disparo aereo mar verde luz real naturaleza naturaleza puerto rico digestas golf costas landes suaves exuberantes verduras
,descripcion,0,NEU,NEUTRAL,-1,encuentra jamon jamon eric zener inspirada eric zener cam leon anuncio lujo representacion arquitectonica tormenta thorgerson leandro erlich visualizacion publicitaria representacion realista eric zener aykut aydogdu inspirada vicich smooth zener camen icraven icraener icener icener icraener alener alener leon leon leon
,descripcion,4,POS,NEUTRAL,-1,bikini tamano grande talla grande mono monokini forma cara modelo tamano atractivo naranja completamente corporal diosa gigante impresionante dispara bbw vistiendo dos piezas traje bano halter naranja completo esta sosteniendo personal largo personal
,descripcion,7,NEU,NEUTRAL,-1,multitud personas club nocturno iluminacion clubes nocturnos neones club nocturno escena rave club nocturno escenario club baile rave clubes club nocturno clubes nocturnos clubes iluminacion neon focos rave luz negra luces estroboscopicas laser luces simetricas humo club nocturno cibernetico
,descripcion,0,NEU,NEUTRAL,-1,bikini acostada cabello humedo fluye deportes ilustrado cubierta maxima hasta hombros cabello goteo humedo plumas humeda jerry weiss cabello largo goteo humedo emergiendo portada revista maxima traje bano humedo maxima humedo goteo pulverizacion oceanica baneras empuje
,descripcion,0,NEU,NEUTRAL,-1,cerca poste madera banco vegetacion disparo gran angular 4 k hdr varadero beach raices inacabadas arena paraiso fotorrealismo hdr sujeto hecho cuerda malla vista cielo escenario lazos cadenas cadenas
,descripcion,3,NEU,NEUTRAL,-1,cielo nubes blancas colores sur charcos turquesa claro transparente horizonte turquesa palma magica aguas azules aguas turquesas caribe
,descripcion,5,NEU,NEUTRAL,-1,mesa platos comida bebidas sobre plato sobre mesa platos enfoque alimentos plato esta mesa madera revista gastronomia comida moderna ofreciendo plato comida servido plato mesa chefs revista gastronomica menu restaurantes plateo isla hecha ban placas
,descripcion,3,NEU,NEUTRAL,-1,piscina flotante inflable rosa piscina resort piscina bienestar costa solar hawai piscina ensueno aruba paraiso anuncio viajes jacuzzi neon tropicalismo bella magica palma palma ambiente lienzo junto piscina tubos piscina piscina lujuriosa paradio paradato platinero plateado sinusto
,descripcion,3,NEU,NEUTRAL,-1,nina eleva sobre persona pequena vacaciones marte nino alto pequeno arena caribena posando vacaciones aruba vacaciones paraiso posando blippi boracay
,descripcion,7,NEU,NEUTRAL,-1,traje empate escenario club clubes nocturnos neones club nocturno presentacion vivo vivo escenario iluminacion club clubes nocturnos matadero raperos escenario concierto mansion vivo concierto escena rave noche bien iluminada vegas
,descripcion,3,NEU,NEUTRAL,-1,traje bano negro varadero impresionante parada arena caminando nina mirando olas bailando arena inspirada robert macaulay stevenson playas blancas
,descripcion,0,NEU,NEUTRAL,-1,sun sets mangrove islands spectacular sunset florida sun sunset beach beautiful sunrise inspired ralph burke tyree sunset south beautiful sunset cloudy skies stunning sunset shows beach sunset view evening sunset sunrise background summer sunset photo sun coast sunset
,descripcion,3,NEU,NEUTRAL,-1,camina turquesa caribena turquesa charcos turquesa turquesa magica palma arena caribena nina mirando olas playas blancas impresionante oceanico horizonte turquesa caribeno azure oceanas azules bellas playas bellas behamamas
,descripcion,4,NEG,NEUTRAL,-1,bano rosas piso spa banera bano romano bano piscina bienestar onsen alta gama hasta sus hombros onsen japones piscina relajacion bienestar pequeno fuentes marmol fute cire perdue 3 5 piscina lujosa luxuria
,descripcion,0,NEU,NEUTRAL,-1,clases revas entreyoga com canva plan lienzo veronica ruiz velasco planes notas detallados clase escolar aula plantilla poster lienzo plan completo ideas mejores practicas emma rios rodolfo escala mooc planificacion
,descripcion,3,NEU,NEUTRAL,-1,bikini esta sentada borde piscina sentada piscina piscina lujosa piscina vacaciones mexico vacaciones sentado al borde piscina joey king paraiso boton vientre banera hidromasaje anya taylor joy piscina sombra piscina
,descripcion,3,NEU,NEUTRAL,-1,sentados silla columpio vacaciones marte beach varadero escena playas casa arbol madera playas esposa e hijo marido dia soleado soleado arena historia cielo soleado vatios ben watts
,descripcion,0,POS,NEUTRAL,-1,esta parado muelle madera drones disparo drones vista drones disparado desde dron drones perspectiva drones superior drones 4k drones fotos color aereo color angulo camara drones puente madera fotograpughy drones drones punto vision drones sol caliente arriba enorme puente madera madera suspendida
,descripcion,6,NEU,NEUTRAL,-1,palmeras cielo palabras para paraiso travel ad 2021 0 1 pacal votan back us mexico palms tendencia pixv palmeles lorem ipsum dolor sit amet distancia media mirada hacia adelante vacaciones pixv revialista
,descripcion,1,NEU,NEUTRAL,-1,faro al atardecer faro casa luz faro audaz horizonte cono luz farol da barra dramatica luz rosa iluminacion turquesa rosa tintes blando rosa tonos rosa colores azules rosas colores rosados azules bahamas inspirados robert macaulay stevenson luz sol rosa
,descripcion,2,POS,NEUTRAL,-1,kayakle amarillo bote lago isla gilligan bote remo bote bote botes entradas simulador carreras botes super
,descripcion,3,NEU,NEUTRAL,-1,piscina gran resort cancua mexico piscina bienestar coconut trees coconut palms inspirado ralph burke tyree sun coast pool muchas plantas piscina infinita resort mirrors relajacion pequeno bienestar lot vegetacion exotica piscina ensueno vegetacion sol retrato piscina infinidad piscinas
,descripcion,4,NEU,NEUTRAL,-1,camisa roja sombrero negro tope logopond render promocional lienzo pancarta comercial contraposto ropa verde azulado goya procreate 0 flujo energia brujula tunicas evocadores toga romana inspirada gonzalo endoa crow e 4 e 6 0 ecopunk
,descripcion,9,NEU,NEUTRAL,-1,ruinas ruinas mayas jungla templos mayas templo maya jungla templo ruinas cubierto musgo maya templo tikal iv templo pre incan sumergido ruinas antiguas bosque ruinas ruesas templo piedra jungla ruinas templo estilo mayas estilo antiguas aguas ocuasas
,descripcion,6,NEU,NEUTRAL,-1,texto lee cancu ad viaje tendencia logostacion vibrant tourism poster 2023 4k 2030s 2029 0 5 0 s 0 3 2023 2025 2022 0
,descripcion,8,NEU,NEUTRAL,-1,gran estatua craneo frente edificio calavera craneo azucar calavera azteca individual retrato craneo azucar calavera azteca calavera sagrada die muertos calavera robot gigante dia louertos dia muertos
,descripcion,3,POS,NEUTRAL,-1,bandera roja cielo varadero playas blancas escenario borde exterior arena caribe arena arena arena toallas brillantes mexico magia
,descripcion,2,POS,NEUTRAL,-1,dos barcos amarillos estacionados lienzo amarillo entradas pequenas canoas rodajas limon flotan tubos arco iris dorado pernos pescado amarillo brillante lienzo barcos lancha rapida cibernetica pueblones tubos arco iris simulador botes super
,descripcion,6,NEU,NEUTRAL,-1,cancu resort cancu canva ad viaje resolucion 8k w 1024 3 k resolucion 8k octan advertising photo canva 0 1 9 2019 1128x191 resolucion
,descripcion,7,NEG,NEUTRAL,-1,esta jugando juego futbol estadio futbol stands abarrotados escenario estadio art deco stadium madrid extreme long shot estadio paisajismo estadio copa mundo meszoly geza estadio tiene multitud completa estadio lleno personas interrumpiendo gran juego multitud extatica inicio partido futbol
,descripcion,0,NEU,NEUTRAL,-1,acostada hojas palma maud naftel jen atkin revista vogue supermodelo brasilan posando para playboy photoshoot monokini inspirada maud naftel estado animo jerry weiss portadas flores neon cubiertos vogue photoshoot inspirada olivia berginis swimsuit cerradas
,descripcion,9,NEU,NEUTRAL,-1,sombrero gafas sol parados frente muro piedra ciudad antigua ruinas antiguas ciudad ante antiguas ruinas hermosas ruinas antiguas detras ciudad antigua iram pilares mohamed chahin ciudad rica historia hicham habchi ciudad perdida ruinas antiguas
,descripcion,1,NEU,NEUTRAL,-1,poster anuncia fiesta colores vivido colores valicos colores vibrantes vivd esquema colores vividos colores vibrantes americana pv varadero colores ricos vividos vild
,descripcion,0,NEU,NEUTRAL,-1,sostiene mochila camara pertenencias esparcidas equipaje nina piezas buque buques guerra frascos premio hugo boss transporte equipo supervivencia matraces manos productos presentacion bolsa fluidos kit primeros auxilios manualidades recuerdos comercio productos ilegales suministros medicos ganador concurso arte bolsa escuela ganador pulido ganador pulsaciones upcycleds upcycleded ciclas
,descripcion,8,NEU,NEUTRAL,-1,colorida cabeza craneo stand negro calavera azucar dia muertos romero britto dia muertos busto craneo dia muertos celebrando dia muertos retrato sugar skull dia muertos
,descripcion,4,NEU,NEUTRAL,-1,vestido blanco salta pajaro aire yoga pose meditacion yoga pose yoga vale encantado pose completo centrado pose energetica dinamica lona pose loto luis enrique comej rodolfo escalera manuel rendon seminario procreate 0 prana
,descripcion,2,NEU,NEUTRAL,-1,dos personas bote drones 4k kayak bosque drones canoas pequenas drones color dron fotos aereas color disparado desde dron disparo aereo desde dron volando sobre lago bosque 3 botes rio vision drones angulo camara drones volando sobre bosque disparo dron disparado amplio
,descripcion,5,NEU,NEUTRAL,-1,sentada mesa bebida bebiendo coctel muerte femenina sosteniendo coctel bebidas bar cocteles gente bebe cocteles bar tiki emylie boivin f 0 boca abierta transmitiendo twitch sosteniendo bebida barra chica delgada bebida delgada
,descripcion,0,NEU,NEUTRAL,-1,esta parado cama habitacion padre hijo padre sostiene nino mano colgando techo cuatro pisos altura techo alto techos altos pequenos saltando brazos hacia arriba flotando aire pose salto heroico comercial juguetes eleva sobre persona pequena techos muy altos
,descripcion,0,NEU,NEUTRAL,-1,tres mujeres vestidos rojos parados muelle madera representacion concurso belleza desfile modas desfile moda victoria secret runway show retrato completo grupo modelos mujeres todo agencia modelos pasarela moda espectaculo moda quiebra promocional pasarela modelo iluminacion ubicacion perfecta imagen promocional television todavia modelos grupo grupo grupo
,descripcion,0,NEU,NEUTRAL,-1,texto blanco dice asura tugar boleto servicio primer plano render promocional ekasportal material promocional e 4 e 6 0 promocion vale encantado yoga epic 3 yemaya esty asombrosos poster promocional luis enrique cominger
,descripcion,5,NEU,NEUTRAL,-1,dos bebidas estan sentados sobre mesa gente bebe cocteles bebe coctel colina coctela colorida cafe flamenco flujos lava luces barra neon barra cocteles bebidas frias defensa barra neon colores sur colores calor granadas mano borban
,descripcion,0,POS,NEUTRAL,-1,perro blanco gafas sol sentarse terraza madera limon gafas sol jack russel terrier gafas sol luciendo lado elegante perrito maui dia soleado caluroso soleado oso gafas sol frescas solares solar vestir usar rayos viernes jack russel dog russel
,descripcion,4,NEU,NEUTRAL,-1,traje bano purpura monokini shanina shaik como medusa traje bano cerrado tanktop ajustado violeta purpura top cabestro purpura traje bano one piece traje kaki traje bano dos piezas traje bano jen atkin rubi beach traje alto nivel alto
,descripcion,4,POS,NEUTRAL,-1,traje bano negro encuentra portada revista maxim sports illustrated monokini maxim cover rubi gq magazine cover gq magazine posando cubierto senos enormes tetona revista maxim buxom muy sexy cabello negro senos enormes sfw tumbado
,descripcion,4,POS,NEUTRAL,-1,bikini talla grande lizzo espesa talla grande suite natacion cuero talla grande hembra curvas bbw modelo seductora tamano forma cara 30 anos cuba curvel piel marron atractivas curvas femeninas
,descripcion,3,NEU,NEUTRAL,-1,palmeras vegetacion palmeras cocoteros arena raices inacabadas arena palmeras coco entorno arena borde exterior arena carbon frente hojas palmeras serena
,descripcion,0,POS,NEUTRAL,-1,pajaro sentado rama pez boca pico oro brillante largo grueso pico negro brillante grueso pico amarillo pajaro colorido larga plumas exoticas aro insectos pajaros ten cuidado pajaro jubjub pico amarillo toucan pajaro surrealista helicopteros tremendos pajaros tropicales
,descripcion,1,POS,NEUTRAL,-1,gran senal neon dice amor iluminacion neon colorida letreros neon coloridos luces neon coloridas senales electronicas neon iluminacion neon senales neon color amarillo color rosa letreros gigantes neon iluminacion neon fuerte iluminacion neon vibrante iluminacion neon brillante lampara neon vibrante iluminacion neon rainebo rainbow back backdrop iluminacion neon spotlebowlebowlawlawlawlawlawlay bellamente iluminado
,descripcion,3,NEG,NEUTRAL,-1,pasarela madera conduce boracay jack russel terrier parques espacio publico palmeras cocoteros parque infantil varadero paseo maritimo cerca masqua jack russel terrier sorprendido ambiente animales calles fotos deportivas
,descripcion,0,NEG,NEUTRAL,-1,novio boda profesional boda novios bahamas telon fotografico cian tendencia desorden presentado unsplash seleccion superior unsplash filmado lentes anamorficas iluminacion ubicacion perfecta sony 14 mm f2 8 zeiss 14mm f1 8
,descripcion,1,NEU,NEUTRAL,-1,portada nuevo album caribe mexicano poster turismo vibrante bengalas lentes coloridas luz borde iridiscente ad viaje tropicalismo corona renderizada imagen promocional nvidia colores neocromo portada album nueva era ricos colores especulares iridescentes sol negro eculipse purpul
,descripcion,6,NEU,NEUTRAL,-1,reloj palabras lega tempoo imet2020 flujo energia brujula claro extemporaneo congreso argentino carlos berlanga luis enrique comej logopond temporalizacion energia verde azulado iso 200 iso 0 2029 tiempo esta agotando
,descripcion,2,NEU,NEUTRAL,-1,es vientos surfean gato trapo viento gato tablas surf glases pose flotacion saltando viento ligero deportiva extrema saltos origen cuando viento es lento tipo elegancia purpura flota aire leonardo fioravanti ride wind waves
,descripcion,0,NEU,NEUTRAL,-1,tiene caja comida festival ganador premio concurso paul kratter premio empaque ganador premio premio ganador fotografo galardonado premio ganador anual premiado forma panal premio oscuro premio ganador galardonado ganador premios 1 stninner ganador imagen orientacion rick imagen guia rick imagen rick guidice
,descripcion,0,NEU,NEUTRAL,-1,joven tiene tabla surf negra ganador anual premios premio al mejor premio greta thunberg sonriendo ganador ganado ganador pulittzer ganador premio awe award inspiring ganador premios ganadores kai vermehr imagen ganadora premios asombro premio winnin galardonado oscuro
,descripcion,2,NEU,NEUTRAL,-1,surfers cometas gold coast australia vientos alta mar montar viento olas viento ligero horno glases cometas ritmo viento deportiva extrema viento fino surf horizonte waikiki deportiva accion deslizamiento angeles voladores cuando viento es lento velas elevan waikiki surf boquilleros surf
,descripcion,6,NEU,NEUTRAL,-1,three colorful skulls pier human skulls ground calavera outdoor art installation sacred skulls dia muertos skulls made algae skulls ground damien hirst skulls around robot art cracking road skulls lying underneath aztec skull dave arredondo
,descripcion,9,POS,NEUTRAL,-1,escultura piedra oso antiguedades clasicas exhibicion exposicion museo esculturas helenisticas muchas estatuas piedra iluminacion difusa museo antiguedades clasicas exhibidas museo britanico estatuas piedra antigua indonesia escultura museos grandes estatuas piedra heroes colas piedra restos antecedentes museos exhibidos museo britanico exposiciones museos museos exposiciones museos museo
,descripcion,6,NEU,NEUTRAL,-1,arrodillado suelo mientras otro juega al golf lanzando pelota recta greg rutwoski ensenanza lineas marcado mejores practicas campo golf ganador concurso instagram campamento verano enfoque cara parte superior david noren padre hijo metodo brenizer protgrafia proxima generacion tecnica goteo digestion golf golf digestas
,descripcion,4,POS,NEUTRAL,-1,bikini top impresion floral zorbencia senos enormes cubiertos sfw bikini honda nina india piel marron sujetador hoja grande portada revista maxim niele toroni laica crose bikini verdes cubierto ilustrado deportivo revista twen portada revista gq super caliente sexy vannesse ives
,descripcion,5,POS,NEUTRAL,-1,dos mujeres tostan copas vino mesa tres mujeres licores espumosos grupos sentados mesa beber coctel musculos faciales vidrio personas beben cocteles mujeres rubias mujeres jovenes mujeres ricas escena cena bar cocteles rubia caliente bodega revista gastronomia celebradores servidor medio elegante restaurante restaurantes
,descripcion,0,NEU,NEUTRAL,-1,parada frente palabra cancua vacaciones mexico vacaciones marte dave arredondo turistica viajes aventuras tropicalismo turismo telon nublado milagroso baile vacaciones turistas ancell stronach guia viajes inspirado robert macaulay stevenson
,descripcion,3,NEU,NEUTRAL,-1,palmeras muelle vegetacion paraiso isla paraiso tropicalismo caribeno estado animo aruba ciudad costera respiracion tropia resort turistica turistica topica trepicapia ubicacion
,descripcion,6,NEU,RESPONSABILIDAD,-1,5 dias eneroyo com encho enchev canva prana treeogen luis enrique comej aum ayahuasca sobre lienoble cuenta regresiva kundalini energy art nuevo yoga vale encantado anjali mudra encarpus ent
,descripcion,0,NEU,NEUTRAL,-1,sentada bikini aruba nina posando relaja amy yasbeck relajandose soleada arena al sol
,descripcion,2,NEU,NEUTRAL,-1,bote sosteniendo pez dos manos alcanzando pez pesca abierto sosteniendo pescado mano delfines peces espada orgullo sosteniendo salmon nina sophie turner pescado peces peces joyas yata mar maltratos pescados pescados pescado
,descripcion,6,NEU,NEUTRAL,-1,aerial view amazon river amazon rainforest twisted waterway green waters river delta winding rivers inlets waterways mangrove swamp wide river lake river rivers lakes mangrove trees waterway green ocean green sea sapphire waters below flooded swamp emerald coast erosion channels river thomas river
,descripcion,4,POS,NEUTRAL,-1,bikini amarillo sentado arbol bikini amarillo bikini dorado brillante bikini transparente dorado oro modelo bikini honda bikini supermodelo moda dorado modelo atractivo bikini ilustrado deportivo traje oro nina agdal
,descripcion,6,NEU,NEUTRAL,-1,colina escaleras sube puente curvo catedral debajo paso elevado realista bispo rosario ciudad armenia quindio paso elevado hilly hill bridge city ponte 5 abril cam leon bridges cruzan espacio puente via escalera infierno al cielo cemento cementerio
,descripcion,2,NEU,NEUTRAL,-1,esta volando cometa cometas viento ligero viento fino vientos alta mar brisa marina eleva aire shanina shaik como medusa cancion viento chiho ashima monta viento olas magia viento ritmo viento viento besado imagen viento viento viento
,descripcion,4,NEU,NEUTRAL,-1,vestido blanco negro retrato sofia vergara magali villeneuve alessandra ambrosio monokini sunset magazine kate beckinsale vestido hawaiano sofia vergara screaming carola rubio dos trajes bano brazilan sofia vera vistiendo cuero suitea cuero
,descripcion,2,NEU,NEUTRAL,-1,grupo navegantes esta viento ligero veleros vela competencia raza cyc blanco 40 nm velas barcos velas botes vela hecha piel humana barcos velas debajo veleros barcos glasteria lata
,descripcion,1,NEU,NEUTRAL,-1,estatua santa claus vestibulo hotel tunicas personajes dorados sam hyde traje oro santa tunicas blancas doradas santa claus tunica acentos dorados vestidos tunicas blancas tunicas oro blanco aparecen centro comercial tunicas blancas oro sentados santa robot humanoide dorado robot
,descripcion,1,POS,NEUTRAL,-1,restaurante vista al atardecer restaurante elegante restaurante caro restaurante restaurante onu avec une terrasse vista al atardecer mesa restaurantes luz velas vistas al casa arbol madera inspirado ralph burke tyree iluminacion puesta sol restaurante grande gran sol escenario mesas mesa mientras pone sol horizon
,descripcion,9,POS,NEUTRAL,-1,ceremonia boda complejo palacio columnas gigantes columnas griegas gigantes muchas columnas marmol columnas piedra clasica palmeras columnas pilares piedra columnas altas columnas romanas columnas grandes columnas priste pristine columnas marmolas columnas glamorosas enormes columnas romanas columnas caidas priste pristine
,descripcion,6,POS,NEUTRAL,-1,bandera salvavidas 2022 0 20 0 1 2021 0 4 2024 iso 250 2023 0 3 0 imet2020 futuro brillante
,descripcion,4,POS,NEUTRAL,-1,bikini negro curvilinea atractivas curvas femeninas tendencia bbwchan gruesa grasa bbw modelo curvilineo tamano grande grande ilustrada deportiva bikini realista tamano grande forma cara curvilineo forma curvilinea suave curva arco ancho carroceria
,descripcion,6,NEU,NEUTRAL,-1,two girls playing pool water wellness pool luxurious pool small wellness relaxation pool rectangular pool bathing waterfall indoor pool spa stands pool water pool inside giant palace featuring flowing fountains infinity pool mirrors pools streams next pool pools water splashes
,descripcion,1,NEU,NEUTRAL,-1,grupo personas bailan club nocturno escena rave tres ravers indistinto mano iluminacion epica color frio persona festival musica iluminacion purle iluminacion iluminacion club luz luces azules altas dj fiesta luces azules ethereal iluminacion
,descripcion,9,NEU,NEUTRAL,-1,sentada bajo cueva cueva casa banos vacia escondida cueva isla cueva cascada lago subterraneo prision cueva pared cueva natural escenario cuevas acogedora casa banos escondida cueva vista panoramica centrada nina cueva cascada hotizas escondidas cueva gigante cueva natural
,descripcion,9,NEU,NEUTRAL,-1,bikini rojo esta sentada tortuga sentada su trono bajo subafina viejo hundimiento automoviles abandonados submarina submarina cgsociety 9 bajo escena terror submarino profundo debajo perfil lateral jerry weiss sumergido debajo andras franke parte submarina viral viral fotografica viral
,descripcion,0,NEU,NEUTRAL,-1,mejores destinos lata mexico anuncio viaje ganador concurso diseno grafico mejor calificado tendencia pixv guia viajes ganador concurso pixabay lienzo eleccion editores ganador concurso 2021 galardonado tendencia logostacion ancell stronach
,descripcion,0,NEU,NEUTRAL,-1,caja pajaro volando sobre ella erak note etsy stickers canva notebook vale encantado nier autoamata material promocional veronica ruiz velasco esteban vicente promocional wolff olins e 4 e 6 0 art nuevo codex notas
,descripcion,5,NEU,NEUTRAL,-1,tazon comida humo saliendo ella comida humeante estufa humo colorido luces ahumadas tacos galardonadas fotos alimentos humo oscuro espeso humo neon saltado lomo humo colorido enfoque alimentos humo nuclear hongos desfigurado comida caliente nebulas pozo humo pavia comida alimentos iluminacion salsa humo
,descripcion,3,NEU,NEUTRAL,-1,nadaba piscina al lado piscina rectangular piscinas arroyos pozo piscina verde verdes piscina concentrica infinita piscina dentro palacio gigante via fluvial retorcida muchas plantas piscina infinita piscina ensueno arquitectura paisajistica junto piscina via fluvial tubos piscina acuarela
,descripcion,2,NEU,NEUTRAL,-1,acopla bote blanco atracado puerto barcos muelle botes edificios flotantes disparo gran angular 4 k hdr bote pequeno amarrado botes botes pequenos botes gran angulo mar doo gtx gran angular realista ultra vivido
,descripcion,3,NEU,NEUTRAL,-1,gran resort cancua cancu beach colors south beach magica palma vegetacion ciudad costera costa solar varadero vice city arenismo blanco florida
,descripcion,6,NEU,NEUTRAL,-1,planta verde palabras ests 1 dia canva encho enchev aum prana dia paz ayahuasca luis enrique comej lienzo tteeogen enrique grau esuthio kundalini energy yoga
,descripcion,3,NEU,NEUTRAL,-1,sentados palmeras familiar ninos juegan familias juegan entorno cubano ninos jugando viajes aventuras familia feliz isla gilligan gente vacaciones isla reunion escena escenario olivia peguero varias varadero beach
,descripcion,9,NEU,NEUTRAL,-1,banera hidromasaje medio terraza rodeada arboles casa arbol madera pajaro vista pajaros vista ojos vista arbol jungla floral drones vista pajaro vista ojos pajaros desde vista pajaro isla flotante vista ojos pajaros junto piscina
,descripcion,8,NEU,NEUTRAL,-1,estatua cabeza antiguas estatuas piedra cabeza alienigena dios maya sacerdotisa maya estilo maya guerrero maya jaguar retrato quetzalcoatl casco deidad perdonada dios azteca 3 juguete dioses aztecos como furbos juguetes mantis dod temple asuras gigante yaksha estatuas yaksha
,descripcion,3,NEU,NEUTRAL,-1,tierra adicional venta islas bahamas imagenes aereas verde imagenes drones vista drones disparo aereo desde dron drones vista vegetacion vista arriba hacia abajo dji vistas al campo
,descripcion,9,POS,NEUTRAL,-1,frente choza enorme sombrero paja par sol siente pequeno bote bambu canoa parasols cabanas bambu sombrero paja tipo triangulo invertido techo cupulas geodesicas fotgraph completo doma geodesica
,descripcion,7,NEU,NEUTRAL,-1,nina esta aplaudiendo multitud animadora adolescente vitores esta feliz copa mundo energia verde azulado atmosfera positiva plantilla memes celebracion alegre gran sonrisa su rostro multitud vitores futbol esta sonriendo felices multitudes pared azules alegria vida mostrando victoria hambrienta sonriente sonriendo
,descripcion,0,NEU,NEUTRAL,-1,acostada jamon jamon jamon inspirada ralph burke tyree guia viajes colores sur tropicalismo inspirado robert macaulay stevenson nina delgada vestido boho blanco barro blanco boba flujo largo sandalias birrkenstock palma magica
,descripcion,4,NEU,NEUTRAL,-1,traje bano negro halle berry imagen promocional fino proporcional lizzo traje bano dos piezas grueso quieto promocional realista proporcionado 30 anos cuba hembra curvilinea resistente muslos suite natacion cuero
,descripcion,2,NEU,NEUTRAL,-1,sostiene cometa aire gato trapo viento fotos besadas viento monta viento olas cubierto coral percebes shanina shaik como medusa buceo buceo larga trenza cabello castano rizado kites viento besado viento cielo oceanico actitudes aventura aventura
,descripcion,2,NEU,NEUTRAL,-1,montaba ola parque acuatico aguas blancas surfeando onda barril onda tubo rapidos aguas blancas surf ondas grandes olas peligrosas surf tablas surf rio vortex buinilla 0 4 8 tsunami detras fallas acuaticas tubos totalmente radicales gigantes tal vez pequenas waves pequenas talas pequenas
,descripcion,9,NEU,NEUTRAL,-1,entrada al museo arte diseno maya templos maya canva museum exposition rufino tamayo centro investigacion mayan museo arte moderno unreal maya museo arte moderno canva mitologia maya clasica maya engine maya 3 d royo jardines botanicos naturales giant aztec city space city ciudad espacio
,descripcion,9,NEU,NEUTRAL,-1,nino mirando ventana al nino mirando ventana hay ventana al mar mirando hacia afuera mar mirando podemos ver mar mirando ventana abierta ib ventana abierta nina mirando ondas ventanas aguamarina
,descripcion,2,NEU,NEUTRAL,-1,bote kay amarillo mar doo gtx florida inspirado ralph burke tyree lienzo amarillo lancha rapida cibernetica fue tomada bote medio islas voladoras pequeno bote volando rocosa isla 3 botes rio
,descripcion,0,NEU,NEUTRAL,-1,dos fotos vestido blanco traje negro ganador concurso 2021 asombro premio inspirador ganador 2021 0 1 2023 0 3 ganador anual estilo galardonado mejor premio 0 1 8 premiado
,descripcion,0,NEU,NEUTRAL,-1,sombrero vestido negro dafne keen premios moda premios ganadores premios estilo galardonado ganador premios mas ganadores premio inspirador ganadores frascos manos premio zapatos altos greta thunberg giro premiado galardonado
,descripcion,9,NEU,NEUTRAL,-1,vista aerea ruinas ruinas mayas jungla templos mayas templo ruinas cubierto musgo ruinas templo piedra ruinas antiguas bosque templo pre incan sumergido ruinas templo antiguo templo ciudad perdida jungla epica 3 oxaguiana templo ciudad iv ruina ciudad antigua ruinas templo ciudad perdida jungla epica 3 oxagues templo tikal iv ruinas ciudad antigua ruinas templo templo ciudad jungla epicos 3 oxagues templo tikal iv ruinas ciudad antigua ruinas templo templo ciudad selva epica
,descripcion,9,POS,NEUTRAL,-1,vestido rojo cueva cueva cueva cascada gruta arcos entre estalagtitas lago subterraneo dentro caverna deseando pozo todo dentro enorme caverna estalagmites caverina cristal cueva dentro gran cueva
,descripcion,3,NEU,NEUTRAL,-1,camina islas maldivas isla gilligan bahamas vegetacion charcos turquesa turquesa caribena paraiso isla nave isla desierta aguas verdes tropica paradas tropicas trampas isla barco isla desierta aguas verdes tropica paradas tropicales trampas isla
,descripcion,0,NEU,NEUTRAL,-1,family walking beach sunset walking beach shows beach sunset beach background beach scene beach sunset background mars vacation photo fallout 5 sunset beach beach
,descripcion,0,NEU,NEUTRAL,-1,grupo personas parados escenario podio lucas graziano ganador pulittzer mejor 0 1 segundo como ternero destacados competencia nazare portugal cam leon primer lugar campeon 1 st place greta thunberg smiling awards photo winning 1 st winner premio artwork winning artwork ganador
,descripcion,3,NEU,NEUTRAL,-1,desde aire florida color dron aerea color colores south angulo camara drones vista drones varadura costa esmeralda drones 4k ciudad costera aerea ancha drones hermosas imagenes panoramicas gigapixico 4k disparo drones drones drones
,descripcion,7,NEU,NEUTRAL,-1,filete pizarra pequeno tazon salsa cuchara pequena duracion marron textura carne alimentos estilo salsa barbacoa goteada profesional alimentos arte culinaria carne jugosa carne venas torcedura humo liquido estilizado filete estilos alimentos alimentos hd alimentos increibles servidor costillas
,descripcion,7,NEU,NEUTRAL,-1,tres hombres posando para imagen tres ravers entourage club baile rave escena rave duendes fiesta rave juerguistas fiesta universitaria diversos disfraces musica house rave bailarines club nocturno clubes vistiendo camiseta corbata edad edad piedra cave iluminacion clubes club
,descripcion,3,NEU,NEUTRAL,-1,pasarela madera conduce vegetacion pasarelas pasarelas complejo paseo maritimo frente bar muelle pequeno conectado puente colgante dock boat cerca maldito sendero pies manglares arena puente madera coco casa arboles madera caminando arenosa
,descripcion,3,POS,NEUTRAL,-1,ciudad distancia claro aguas azules mares transparentes veleros hermoso cielo mar color profundo flotando verdoso cielo claro lago claro soleado cielo transparente
,descripcion,3,NEU,NEUTRAL,-1,terraza madera paraguas paja vegetacion varadero borde exterior magica palma arena mexico impresionante arena entorno frente madera oruga barra magica vista
,descripcion,1,NEU,NEUTRAL,-1,pasa junto mural ciudad cartas cuba colorido mural paredes muralismo mexicano ravi supa tlaquepaque arte murales centro mexico mural simbolico guanajuato murales muros son rosados okuda sam miguel mexico muralismo
,descripcion,1,POS,NEUTRAL,-1,encuentra frente casa colorida luz solar casas caprichosas casa colorida arquitectura colorida casa goteo color arquitectura azulejos coloridos arquitectura tailandesa telon colorido casas coloridas colores jamaica construccion colorida ubicacion favela pared casas pequenas ocultas vibrantemente coloridas colores saturados brillantes hermosas verduras hermosas ver
,descripcion,9,POS,NEUTRAL,-1,sobre puente madera jungla grandes estatuas video estatua madera templo maya jungla casa arbol madera escultura altura completa enormes estatuas gigantes moai diosa bosque reina amazon sacerdotisa maya diosa naturaleza barra tiki estatua perfecta reina jungla escultura gigante
,descripcion,0,NEU,NEUTRAL,-1,disfraz plumas su cabeza aztec yaotl warrior aztec princess fights barbarians jayson tatum como guerrilla heroica guerrero jaguar aztec warrior goddess mayan priestess amazon indian poples brasil moda calle aztec empress esta vestida chaman vistio prensa chaman ropa amante vestimenta ropa calle esta vestida ropa chaman esta vestida ropa brasa chames
,descripcion,8,NEU,NEUTRAL,-1,pequena cabeza palo cara humanoide cara mascara craneo encuentra cueva hecha arcilla escultura museo arcilla individual antiguedades clasicas exhibicion mascara asesino griego antiguo cabezas madera cara pajaro cabeza emplumada humanoide cara hecha notacion cara humana expresion espeluznante modelo arcilla
,descripcion,2,NEU,NEUTRAL,-1,grupo barcos vela navegando veleros barcos vela veleros elevan viento veleros barcos vela beach bote vela envian velas botes larga vela naval horizonte campo gofl giros buje puerto atlante
,descripcion,9,NEU,NEUTRAL,-1,parado frente arbol templos mayas templo maya jungla jungla ruinas mayas ruinas antiguas ciudad ruinas templo piedra ruinas hermosas ruinas antiguas detras antigua jungla ruinas antiguas detras son ruinas examinan ruinas templos antiguos ruinas ruinas templos ruinas ruinas
,descripcion,1,POS,NEUTRAL,-1,restaurante mesas sillas luces coloridas iluminacion neon vibrante iluminacion neon colorida iluminacion vibrante neon exuberante colores saturados brillantes luces neon coloridas iluminacion neon brillante iluminacion neon focos color interior maximo desordenado cafe flamingo luces barra neon barra soporte neon atmosfera estilo brillante atmosfera estilo saturado vividos cafe neon
,descripcion,0,NEU,NEUTRAL,-1,pareja caminando al atardecer vacaciones marte bronceo ameera al taweel durante atardecer puesta sol vacaciones gigachad jesus aykut aydogdu eric zener al atardecer feliz familia muestra al atardecer
,descripcion,6,NEU,NEUTRAL,-1,man white shirt paul pepera pablo roldan ignacio fernandez rios carlos samuel araya wearing dark maritime clothing michael whelan salustiano garcia cruz ignacio fernandez rios roge antonio tlaquepaque juan sanchez cotan pacal votan
,descripcion,4,NEU,NEUTRAL,-1,traje bano negro posando para kate upton traje bano cerrado monokini traje bano negro bombas curvas femeninas atractivas especimen humano perfecto hermoso rostro preciso hembra curvilinea forma cara prisionero deportivo cara perfecta traje bano dos piezas
,descripcion,2,NEU,NEUTRAL,-1,kites vuelan sobre vientos alta mar veleros elevan viento montan viento olas viento ligero cometas glaseria largo brisa marina elevan aire ritmo viento volando formacion viento fino 360 deportiva extrema escena remolino angustia angeles voladores
,descripcion,7,NEU,NEUTRAL,-1,grupo personas posan para grupo personas fiesta universitaria grupo personas juerguistas grupos personas felices fiestas fiesta industrial gente fiesta antecedentes escena rave muchos asistentes fiesta discoteca grupos humanos felices fiesta avan jogia angel fiesta tecnologia fiesta maravillosa rave
,descripcion,0,NEU,NEUTRAL,-1,grupo mujeres parados cima leone soleado mujeres completo mujeres cubanas habana bailando profesional bodas vestidos novia tunicas blancas fluyen retrato completo grupo aruba manjit bawa boda hermosas mujeres atractivas sesion fotografica galardonada bailando
,descripcion,6,NEU,NEUTRAL,-1,texto blanco dice ests dias encho enchev canva prana ayahuasca tteegen aum anjali mudra lienzo luis enrique comej encarpus vale encantado ent contardodo yoga
,descripcion,4,NEG,NEUTRAL,-1,vestido rayas verde blanco vestido jungla vestido verde completo revista twen vestido africano vestido hojas cabello castano largo rizado largo sesion fotos revista diosa naturaleza vestido hecho vides 3 anos madre brasilena cabello oscuro mas corto negra cabello color cobre curvado cabello cobre curvado cobre
,descripcion,4,NEU,NEUTRAL,-1,traje corbata sombrero cabeza portal ekas pack material ekasportal matteo perez prana symatrical portlet photo vale encantado imet2020 emtpy space lata pose meditacion yoga
,descripcion,6,NEU,NEUTRAL,-1,ruins maya site maya temples white stone temple ruins ancient city ruins ancient temple ruins jungle background ruins ancient ruins behind beautiful ancient ruins behind ancient ruins waterfalls ancient ruins forest ancient city ruins ancient city landscape ancient city white stone standing ancient ruins ancient city ruins around
,descripcion,1,NEU,NEUTRAL,-1,escalones edificio puerto rico entorno cubano 30 anos cuba goteando color cuba olivia puguero aruba mujeres cubanas habana vibrantemente coloridos telon colorido colores jamaica okuda sam miguel arte lgbt completo colores colores colores llenos colores
,descripcion,1,NEU,PROBLEMA_SOLUCION,-1,negro flor roja color negro oscuridad completa grupo personas habitacion oscura negro liso negro solido negro profundo modos oscuros negro oscuro negro solido 000000 habitacion muy oscura pantalla oscura plano negro retroceso oscuro habitacion oscura
,descripcion,7,NEU,NEUTRAL,-1,nina pateando balon futbol jugando futbol pelota futbol contra su jugador futbol jugando futbol pelota futbol jugadora voleos femenino sosteniendo pelota campo futbol haciendo patada tenis futbol stella maeve magician
,descripcion,9,NEU,NEUTRAL,-1,gran escultura estrellas mar otras criaturas maritimas conchas casas conchas varadero nacar escultura altura completa esculturas conchas marinas conchas monumento colores nacar seuss dr grandes estatuas piedra heroes coles monumentos central ciudad caparazones barnaculos obeliskss
,descripcion,2,NEU,NEUTRAL,-1,dos personas nadan vela leandro erlich veleros envian velas debajo perspectiva bajo centro subafulada hundimiento bajo velas suspendido mastil suave eric zener cam leon barcos velas flotadores mar debajo
,descripcion,6,NEU,NEUTRAL,-1,woman bikini posing picture 30 year old woman cuba spain rodriguez brazilan supermodel beautiful tan mexican woman portrait sofia vergara fair olive skin latina skin tanned beauty portrait beautiful mexican woman brazilian maud naftel olive skin rack dirty olive skin maxim cover
,descripcion,2,NEU,NEUTRAL,-1,sostiene tabla surf leonardo fioravanti tablas surf figura acton varadero beach jose ladronn shark anthony christian orrillo cecco bravo surfing andres rios surf danilo torres big wave surfing estilo paolo david alivio sosteniendo snowboard snowboard
,descripcion,4,NEU,NEUTRAL,-1,sentada cama dosel blanco suite natacion cuero monokini traje bano cintura alta tapa cabestro blanco sandalias gladiador altas pareo blanco resort traje bano cerrado nina delgada vestido boho blanco beach vestida boba flujo largo tunica vestido tubo tubo
